series,month,full_rows,full_non_null,rows_through_24,non_null_through_24
DEXTHUS,2000-01,21,20,16,15
DEXTHUS,2000-02,21,20,18,17
DEXTHUS,2000-03,23,23,18,18
DEXTHUS,2000-04,20,20,16,16
DEXTHUS,2000-05,23,22,18,18
DEXTHUS,2000-06,22,22,17,17
DEXTHUS,2000-07,21,20,16,15
DEXTHUS,2000-08,23,23,18,18
DEXTHUS,2000-09,21,20,16,15
DEXTHUS,2000-10,22,21,17,16
DEXTHUS,2000-11,22,21,18,17
DEXTHUS,2000-12,21,20,16,16
DEXTHUS,2001-01,23,21,18,16
DEXTHUS,2001-02,20,19,17,16
DEXTHUS,2001-03,22,22,17,17
DEXTHUS,2001-04,21,21,17,17
DEXTHUS,2001-05,23,22,18,18
DEXTHUS,2001-06,21,21,16,16
DEXTHUS,2001-07,22,21,17,16
DEXTHUS,2001-08,23,23,18,18
DEXTHUS,2001-09,20,18,16,14
DEXTHUS,2001-10,23,22,18,17
DEXTHUS,2001-11,22,20,17,15
DEXTHUS,2001-12,21,20,16,16
DEXTHUS,2002-01,23,21,18,16
DEXTHUS,2002-02,20,19,16,15
DEXTHUS,2002-03,21,21,16,16
DEXTHUS,2002-04,22,22,18,18
DEXTHUS,2002-05,23,22,18,18
DEXTHUS,2002-06,20,20,16,16
DEXTHUS,2002-07,23,22,18,17
DEXTHUS,2002-08,22,22,17,17
DEXTHUS,2002-09,21,20,17,16
DEXTHUS,2002-10,23,22,18,17
DEXTHUS,2002-11,21,19,16,15
DEXTHUS,2002-12,22,21,17,17
DEXTHUS,2003-01,23,21,18,16
DEXTHUS,2003-02,20,19,16,15
DEXTHUS,2003-03,21,21,16,16
DEXTHUS,2003-04,22,22,18,18
DEXTHUS,2003-05,22,21,17,17
DEXTHUS,2003-06,21,21,17,17
DEXTHUS,2003-07,23,22,18,17
DEXTHUS,2003-08,21,21,16,16
DEXTHUS,2003-09,22,21,18,17
DEXTHUS,2003-10,23,22,18,17
DEXTHUS,2003-11,20,18,16,15
DEXTHUS,2003-12,23,22,18,18
DEXTHUS,2004-01,22,20,17,15
DEXTHUS,2004-02,20,19,17,16
DEXTHUS,2004-03,23,23,18,18
DEXTHUS,2004-04,22,22,17,17
DEXTHUS,2004-05,21,20,16,16
DEXTHUS,2004-06,22,22,18,18
DEXTHUS,2004-07,22,21,17,16
DEXTHUS,2004-08,22,22,17,17
DEXTHUS,2004-09,22,21,18,17
DEXTHUS,2004-10,21,20,16,15
DEXTHUS,2004-11,22,20,18,17
DEXTHUS,2004-12,23,23,18,18
DEXTHUS,2005-01,21,20,16,15
DEXTHUS,2005-02,20,19,18,17
DEXTHUS,2005-03,23,23,18,18
DEXTHUS,2005-04,21,21,16,16
DEXTHUS,2005-05,22,21,17,17
DEXTHUS,2005-06,22,22,18,18
DEXTHUS,2005-07,21,20,16,15
DEXTHUS,2005-08,23,23,18,18
DEXTHUS,2005-09,22,21,17,16
DEXTHUS,2005-10,21,20,16,15
DEXTHUS,2005-11,22,20,18,16
DEXTHUS,2005-12,22,21,17,17
DEXTHUS,2006-01,22,20,17,15
DEXTHUS,2006-02,20,19,18,17
DEXTHUS,2006-03,23,23,18,18
DEXTHUS,2006-04,20,20,16,16
DEXTHUS,2006-05,23,22,18,18
DEXTHUS,2006-06,22,22,17,17
DEXTHUS,2006-07,21,20,16,15
DEXTHUS,2006-08,23,23,18,18
DEXTHUS,2006-09,21,20,16,15
DEXTHUS,2006-10,22,21,17,16
DEXTHUS,2006-11,22,21,18,17
DEXTHUS,2006-12,21,20,16,16
DEXTHUS,2007-01,23,21,18,16
DEXTHUS,2007-02,20,19,17,16
DEXTHUS,2007-03,22,22,17,17
DEXTHUS,2007-04,21,21,17,17
DEXTHUS,2007-05,23,22,18,18
DEXTHUS,2007-06,21,21,16,16
DEXTHUS,2007-07,22,21,17,16
DEXTHUS,2007-08,23,23,18,18
DEXTHUS,2007-09,20,20,16,16
DEXTHUS,2007-10,23,23,18,18
DEXTHUS,2007-11,22,21,17,16
DEXTHUS,2007-12,21,20,16,16
DEXTHUS,2008-01,23,21,18,16
DEXTHUS,2008-02,21,20,16,15
DEXTHUS,2008-03,21,21,16,16
DEXTHUS,2008-04,22,22,18,18
DEXTHUS,2008-05,22,21,17,17
DEXTHUS,2008-06,21,21,17,17
DEXTHUS,2008-07,23,22,18,17
DEXTHUS,2008-08,21,21,16,16
DEXTHUS,2008-09,22,21,18,17
DEXTHUS,2008-10,23,22,18,17
DEXTHUS,2008-11,20,18,16,15
DEXTHUS,2008-12,23,22,18,18
DEXTHUS,2009-01,22,20,17,15
DEXTHUS,2009-02,20,19,17,16
DEXTHUS,2009-03,22,22,17,17
DEXTHUS,2009-04,22,22,18,18
DEXTHUS,2009-05,21,20,16,16
DEXTHUS,2009-06,22,22,18,18
DEXTHUS,2009-07,23,23,18,18
DEXTHUS,2009-08,21,21,16,16
DEXTHUS,2009-09,22,21,18,17
DEXTHUS,2009-10,22,21,17,16
DEXTHUS,2009-11,21,19,17,16
DEXTHUS,2009-12,23,22,18,18
DEXTHUS,2010-01,21,19,16,14
DEXTHUS,2010-02,20,19,18,17
DEXTHUS,2010-03,23,23,18,18
DEXTHUS,2010-04,22,22,17,17
DEXTHUS,2010-05,21,20,16,16
DEXTHUS,2010-06,22,22,18,18
DEXTHUS,2010-07,22,21,17,16
DEXTHUS,2010-08,22,22,17,17
DEXTHUS,2010-09,22,21,18,17
DEXTHUS,2010-10,21,20,16,15
DEXTHUS,2010-11,22,20,18,17
DEXTHUS,2010-12,23,21,18,17
DEXTHUS,2011-01,21,20,16,15
DEXTHUS,2011-02,20,19,18,17
DEXTHUS,2011-03,23,23,18,18
DEXTHUS,2011-04,21,21,16,16
DEXTHUS,2011-05,22,21,17,17
DEXTHUS,2011-06,22,22,18,18
DEXTHUS,2011-07,21,20,16,15
DEXTHUS,2011-08,23,23,18,18
DEXTHUS,2011-09,22,21,17,16
DEXTHUS,2011-10,21,20,16,15
DEXTHUS,2011-11,22,20,18,16
DEXTHUS,2011-12,22,21,17,17
DEXTHUS,2012-01,22,20,17,15
DEXTHUS,2012-02,21,20,18,17
DEXTHUS,2012-03,22,22,17,17
DEXTHUS,2012-04,21,21,17,17
DEXTHUS,2012-05,23,22,18,18
DEXTHUS,2012-06,21,21,16,16
DEXTHUS,2012-07,22,21,17,16
DEXTHUS,2012-08,23,23,18,18
DEXTHUS,2012-09,20,19,16,15
DEXTHUS,2012-10,23,22,18,17
DEXTHUS,2012-11,22,20,17,15
DEXTHUS,2012-12,21,20,16,16
DEXTHUS,2013-01,23,21,18,16
DEXTHUS,2013-02,20,19,16,15
DEXTHUS,2013-03,21,21,16,16
DEXTHUS,2013-04,22,22,18,18
DEXTHUS,2013-05,23,22,18,18
DEXTHUS,2013-06,20,20,16,16
DEXTHUS,2013-07,23,22,18,17
DEXTHUS,2013-08,22,22,17,17
DEXTHUS,2013-09,21,20,17,16
DEXTHUS,2013-10,23,22,18,17
DEXTHUS,2013-11,21,19,16,15
DEXTHUS,2013-12,22,21,17,17
DEXTHUS,2014-01,23,21,18,16
DEXTHUS,2014-02,20,19,16,15
DEXTHUS,2014-03,21,21,16,16
DEXTHUS,2014-04,22,22,18,18
DEXTHUS,2014-05,22,21,17,17
DEXTHUS,2014-06,21,21,17,17
DEXTHUS,2014-07,23,22,18,17
DEXTHUS,2014-08,21,21,16,16
DEXTHUS,2014-09,22,21,18,17
DEXTHUS,2014-10,23,22,18,17
DEXTHUS,2014-11,20,18,16,15
DEXTHUS,2014-12,23,21,18,18
DEXTHUS,2015-01,22,20,17,15
DEXTHUS,2015-02,20,19,17,16
DEXTHUS,2015-03,22,22,17,17
DEXTHUS,2015-04,22,22,18,18
DEXTHUS,2015-05,21,20,16,16
DEXTHUS,2015-06,22,22,18,18
DEXTHUS,2015-07,23,22,18,17
DEXTHUS,2015-08,21,21,16,16
DEXTHUS,2015-09,22,21,18,17
DEXTHUS,2015-10,22,21,17,16
DEXTHUS,2015-11,21,19,17,16
DEXTHUS,2015-12,23,22,18,18
DEXTHUS,2016-01,21,19,16,14
DEXTHUS,2016-02,21,20,18,17
DEXTHUS,2016-03,23,23,18,18
DEXTHUS,2016-04,21,21,16,16
DEXTHUS,2016-05,22,21,17,17
DEXTHUS,2016-06,22,22,18,18
DEXTHUS,2016-07,21,20,16,15
DEXTHUS,2016-08,23,23,18,18
DEXTHUS,2016-09,22,21,17,16
DEXTHUS,2016-10,21,20,16,15
DEXTHUS,2016-11,22,20,18,16
DEXTHUS,2016-12,22,21,17,17
DEXTHUS,2017-01,22,19,17,14
DEXTHUS,2017-02,20,19,18,17
DEXTHUS,2017-03,23,23,18,18
DEXTHUS,2017-04,20,20,16,16
DEXTHUS,2017-05,23,22,18,18
DEXTHUS,2017-06,22,22,17,17
DEXTHUS,2017-07,21,20,16,15
DEXTHUS,2017-08,23,23,18,18
DEXTHUS,2017-09,21,20,16,15
DEXTHUS,2017-10,22,21,17,16
DEXTHUS,2017-11,22,20,18,16
DEXTHUS,2017-12,21,20,16,16
DEXTHUS,2018-01,23,21,18,16
DEXTHUS,2018-02,20,19,17,16
DEXTHUS,2018-03,22,22,17,17
DEXTHUS,2018-04,21,21,17,17
DEXTHUS,2018-05,23,22,18,18
DEXTHUS,2018-06,21,21,16,16
DEXTHUS,2018-07,22,21,17,16
DEXTHUS,2018-08,23,23,18,18
DEXTHUS,2018-09,20,19,16,15
DEXTHUS,2018-10,23,22,18,17
DEXTHUS,2018-11,22,20,17,15
DEXTHUS,2018-12,21,18,16,14
DEXTHUS,2019-01,23,20,18,15
DEXTHUS,2019-02,20,18,16,14
DEXTHUS,2019-03,21,21,16,16
DEXTHUS,2019-04,22,22,18,18
DEXTHUS,2019-05,23,22,18,18
DEXTHUS,2019-06,20,20,16,16
DEXTHUS,2019-07,23,22,18,17
DEXTHUS,2019-08,22,22,17,17
DEXTHUS,2019-09,21,20,17,16
DEXTHUS,2019-10,23,22,18,17
DEXTHUS,2019-11,21,19,16,15
DEXTHUS,2019-12,22,21,17,17
DEXTHUS,2020-01,23,21,18,16
DEXTHUS,2020-02,20,19,16,15
DEXTHUS,2020-03,22,22,17,17
DEXTHUS,2020-04,22,22,18,18
DEXTHUS,2020-05,21,20,16,16
DEXTHUS,2020-06,22,22,18,18
DEXTHUS,2020-07,23,22,18,17
DEXTHUS,2020-08,21,21,16,16
DEXTHUS,2020-09,22,21,18,17
DEXTHUS,2020-10,22,21,17,16
DEXTHUS,2020-11,21,18,17,16
DEXTHUS,2020-12,23,21,18,17
DEXTHUS,2021-01,21,18,16,13
DEXTHUS,2021-02,20,19,18,17
DEXTHUS,2021-03,23,23,18,18
DEXTHUS,2021-04,22,22,17,17
DEXTHUS,2021-05,21,20,16,16
DEXTHUS,2021-06,22,22,18,18
DEXTHUS,2021-07,22,21,17,16
DEXTHUS,2021-08,22,22,17,17
DEXTHUS,2021-09,22,21,18,17
DEXTHUS,2021-10,21,20,16,15
DEXTHUS,2021-11,22,20,18,17
DEXTHUS,2021-12,23,21,18,17
DEXTHUS,2022-01,21,20,16,15
DEXTHUS,2022-02,20,19,18,17
DEXTHUS,2022-03,23,23,18,18
DEXTHUS,2022-04,21,21,16,16
DEXTHUS,2022-05,22,21,17,17
DEXTHUS,2022-06,22,21,18,17
DEXTHUS,2022-07,21,20,16,15
DEXTHUS,2022-08,23,23,18,18
DEXTHUS,2022-09,22,21,17,16
DEXTHUS,2022-10,21,20,16,15
DEXTHUS,2022-11,22,20,18,16
DEXTHUS,2022-12,22,21,17,17
DEXTHUS,2023-01,22,20,17,15
DEXTHUS,2023-02,20,19,18,17
DEXTHUS,2023-03,23,23,18,18
DEXTHUS,2023-04,20,20,16,16
DEXTHUS,2023-05,23,22,18,18
DEXTHUS,2023-06,22,21,17,16
DEXTHUS,2023-07,21,20,16,15
DEXTHUS,2023-08,23,23,18,18
DEXTHUS,2023-09,21,20,16,15
DEXTHUS,2023-10,22,21,17,16
DEXTHUS,2023-11,22,20,18,16
DEXTHUS,2023-12,21,20,16,16
DEXTHUS,2024-01,23,21,18,16
DEXTHUS,2024-02,21,20,17,16
DEXTHUS,2024-03,21,21,16,16
DEXTHUS,2024-04,22,22,18,18
DEXTHUS,2024-05,23,22,18,18
DEXTHUS,2024-06,20,19,16,15
DEXTHUS,2024-07,23,22,18,17
DEXTHUS,2024-08,22,22,17,17
DEXTHUS,2024-09,21,20,17,16
DEXTHUS,2024-10,23,22,18,17
DEXTHUS,2024-11,21,19,16,15
DEXTHUS,2024-12,22,21,17,17
DEXTHUS,2025-01,23,21,18,16
DEXTHUS,2025-02,20,19,16,15
DEXTHUS,2025-03,21,21,16,16
DEXTHUS,2025-04,22,22,18,18
DEXTHUS,2025-05,22,21,17,17
DEXTHUS,2025-06,21,20,17,16
DEXTHUS,2025-07,23,22,18,17
DEXTHUS,2025-08,21,21,16,16
DEXTHUS,2025-09,22,21,18,17
DEXTHUS,2025-10,23,22,18,17
DEXTHUS,2025-11,20,18,16,15
DEXTHUS,2025-12,23,22,18,18
DEXTHUS,2026-01,22,20,17,15
DEXTHUS,2026-02,20,19,17,16
DEXTHUS,2026-03,22,22,17,17
DEXTHUS,2026-04,22,22,18,18
DEXTHUS,2026-05,21,20,16,16
DEXTHUS,2026-06,22,21,18,17
DEXTHUS,2026-07,23,22,18,17
DEXTHUS,2026-08,21,21,16,16
DEXTHUS,2026-09,19,18,18,17
DCOILBRENTEU,2000-01,21,18,16,13
DCOILBRENTEU,2000-02,21,20,18,17
DCOILBRENTEU,2000-03,23,19,18,17
DCOILBRENTEU,2000-04,20,15,16,11
DCOILBRENTEU,2000-05,23,15,18,12
DCOILBRENTEU,2000-06,22,19,17,14
DCOILBRENTEU,2000-07,21,18,16,16
DCOILBRENTEU,2000-08,23,14,18,11
DCOILBRENTEU,2000-09,21,18,16,14
DCOILBRENTEU,2000-10,22,19,17,14
DCOILBRENTEU,2000-11,22,17,18,14
DCOILBRENTEU,2000-12,21,10,16,8
DCOILBRENTEU,2001-01,23,14,18,10
DCOILBRENTEU,2001-02,20,14,17,12
DCOILBRENTEU,2001-03,22,13,17,9
DCOILBRENTEU,2001-04,21,20,17,16
DCOILBRENTEU,2001-05,23,22,18,18
DCOILBRENTEU,2001-06,21,18,16,14
DCOILBRENTEU,2001-07,22,20,17,15
DCOILBRENTEU,2001-08,23,16,18,13
DCOILBRENTEU,2001-09,20,12,16,8
DCOILBRENTEU,2001-10,23,16,18,11
DCOILBRENTEU,2001-11,22,17,17,15
DCOILBRENTEU,2001-12,21,12,16,11
DCOILBRENTEU,2002-01,23,18,18,14
DCOILBRENTEU,2002-02,20,11,16,8
DCOILBRENTEU,2002-03,21,20,16,15
DCOILBRENTEU,2002-04,22,21,18,17
DCOILBRENTEU,2002-05,23,17,18,14
DCOILBRENTEU,2002-06,20,12,16,9
DCOILBRENTEU,2002-07,23,17,18,13
DCOILBRENTEU,2002-08,22,17,17,14
DCOILBRENTEU,2002-09,21,17,17,13
DCOILBRENTEU,2002-10,23,16,18,13
DCOILBRENTEU,2002-11,21,10,16,7
DCOILBRENTEU,2002-12,22,18,17,16
DCOILBRENTEU,2003-01,23,22,18,17
DCOILBRENTEU,2003-02,20,16,16,13
DCOILBRENTEU,2003-03,21,20,16,16
DCOILBRENTEU,2003-04,22,17,18,15
DCOILBRENTEU,2003-05,22,19,17,14
DCOILBRENTEU,2003-06,21,15,17,12
DCOILBRENTEU,2003-07,23,15,18,10
DCOILBRENTEU,2003-08,21,20,16,15
DCOILBRENTEU,2003-09,22,17,18,15
DCOILBRENTEU,2003-10,23,20,18,15
DCOILBRENTEU,2003-11,20,16,16,13
DCOILBRENTEU,2003-12,23,19,18,16
DCOILBRENTEU,2004-01,22,15,17,11
DCOILBRENTEU,2004-02,20,12,17,10
DCOILBRENTEU,2004-03,23,21,18,16
DCOILBRENTEU,2004-04,22,17,17,14
DCOILBRENTEU,2004-05,21,19,16,15
DCOILBRENTEU,2004-06,22,21,18,17
DCOILBRENTEU,2004-07,22,22,17,17
DCOILBRENTEU,2004-08,22,20,17,16
DCOILBRENTEU,2004-09,22,18,18,14
DCOILBRENTEU,2004-10,21,21,16,16
DCOILBRENTEU,2004-11,22,22,18,18
DCOILBRENTEU,2004-12,23,22,18,18
DCOILBRENTEU,2005-01,21,18,16,13
DCOILBRENTEU,2005-02,20,19,18,17
DCOILBRENTEU,2005-03,23,12,18,11
DCOILBRENTEU,2005-04,21,13,16,10
DCOILBRENTEU,2005-05,22,18,17,13
DCOILBRENTEU,2005-06,22,20,18,16
DCOILBRENTEU,2005-07,21,20,16,15
DCOILBRENTEU,2005-08,23,23,18,18
DCOILBRENTEU,2005-09,22,20,17,15
DCOILBRENTEU,2005-10,21,20,16,15
DCOILBRENTEU,2005-11,22,20,18,16
DCOILBRENTEU,2005-12,22,21,17,17
DCOILBRENTEU,2006-01,22,18,17,13
DCOILBRENTEU,2006-02,20,19,18,17
DCOILBRENTEU,2006-03,23,9,18,7
DCOILBRENTEU,2006-04,20,13,16,9
DCOILBRENTEU,2006-05,23,20,18,15
DCOILBRENTEU,2006-06,22,22,17,17
DCOILBRENTEU,2006-07,21,21,16,16
DCOILBRENTEU,2006-08,23,23,18,18
DCOILBRENTEU,2006-09,21,21,16,16
DCOILBRENTEU,2006-10,22,22,17,17
DCOILBRENTEU,2006-11,22,22,18,18
DCOILBRENTEU,2006-12,21,19,16,16
DCOILBRENTEU,2007-01,23,21,18,16
DCOILBRENTEU,2007-02,20,17,17,14
DCOILBRENTEU,2007-03,22,21,17,16
DCOILBRENTEU,2007-04,21,19,17,15
DCOILBRENTEU,2007-05,23,22,18,18
DCOILBRENTEU,2007-06,21,21,16,16
DCOILBRENTEU,2007-07,22,21,17,16
DCOILBRENTEU,2007-08,23,23,18,18
DCOILBRENTEU,2007-09,20,19,16,15
DCOILBRENTEU,2007-10,23,23,18,18
DCOILBRENTEU,2007-11,22,21,17,16
DCOILBRENTEU,2007-12,21,19,16,16
DCOILBRENTEU,2008-01,23,21,18,16
DCOILBRENTEU,2008-02,21,20,16,15
DCOILBRENTEU,2008-03,21,20,16,15
DCOILBRENTEU,2008-04,22,22,18,18
DCOILBRENTEU,2008-05,22,21,17,17
DCOILBRENTEU,2008-06,21,21,17,17
DCOILBRENTEU,2008-07,23,22,18,17
DCOILBRENTEU,2008-08,21,21,16,16
DCOILBRENTEU,2008-09,22,21,18,17
DCOILBRENTEU,2008-10,23,23,18,18
DCOILBRENTEU,2008-11,20,19,16,16
DCOILBRENTEU,2008-12,23,22,18,18
DCOILBRENTEU,2009-01,22,20,17,15
DCOILBRENTEU,2009-02,20,19,17,16
DCOILBRENTEU,2009-03,22,22,17,17
DCOILBRENTEU,2009-04,22,21,18,17
DCOILBRENTEU,2009-05,21,20,16,16
DCOILBRENTEU,2009-06,22,22,18,18
DCOILBRENTEU,2009-07,23,22,18,17
DCOILBRENTEU,2009-08,21,21,16,16
DCOILBRENTEU,2009-09,22,21,18,17
DCOILBRENTEU,2009-10,22,22,17,17
DCOILBRENTEU,2009-11,21,20,17,17
DCOILBRENTEU,2009-12,23,22,18,18
DCOILBRENTEU,2010-01,21,19,16,14
DCOILBRENTEU,2010-02,20,19,18,17
DCOILBRENTEU,2010-03,23,23,18,18
DCOILBRENTEU,2010-04,22,21,17,16
DCOILBRENTEU,2010-05,21,20,16,16
DCOILBRENTEU,2010-06,22,22,18,18
DCOILBRENTEU,2010-07,22,21,17,16
DCOILBRENTEU,2010-08,22,22,17,17
DCOILBRENTEU,2010-09,22,21,18,17
DCOILBRENTEU,2010-10,21,21,16,16
DCOILBRENTEU,2010-11,22,21,18,18
DCOILBRENTEU,2010-12,23,22,18,17
DCOILBRENTEU,2011-01,21,20,16,15
DCOILBRENTEU,2011-02,20,19,18,17
DCOILBRENTEU,2011-03,23,23,18,18
DCOILBRENTEU,2011-04,21,18,16,15
DCOILBRENTEU,2011-05,22,21,17,17
DCOILBRENTEU,2011-06,22,22,18,18
DCOILBRENTEU,2011-07,21,20,16,15
DCOILBRENTEU,2011-08,23,22,18,18
DCOILBRENTEU,2011-09,22,21,17,16
DCOILBRENTEU,2011-10,21,21,16,16
DCOILBRENTEU,2011-11,22,21,18,17
DCOILBRENTEU,2011-12,22,20,17,17
DCOILBRENTEU,2012-01,22,20,17,15
DCOILBRENTEU,2012-02,21,20,18,17
DCOILBRENTEU,2012-03,22,22,17,17
DCOILBRENTEU,2012-04,21,18,17,14
DCOILBRENTEU,2012-05,23,21,18,17
DCOILBRENTEU,2012-06,21,21,16,16
DCOILBRENTEU,2012-07,22,21,17,16
DCOILBRENTEU,2012-08,23,23,18,18
DCOILBRENTEU,2012-09,20,19,16,15
DCOILBRENTEU,2012-10,23,23,18,18
DCOILBRENTEU,2012-11,22,21,17,16
DCOILBRENTEU,2012-12,21,20,16,16
DCOILBRENTEU,2013-01,23,21,18,16
DCOILBRENTEU,2013-02,20,19,16,15
DCOILBRENTEU,2013-03,21,20,16,16
DCOILBRENTEU,2013-04,22,22,18,18
DCOILBRENTEU,2013-05,23,22,18,18
DCOILBRENTEU,2013-06,20,20,16,16
DCOILBRENTEU,2013-07,23,22,18,17
DCOILBRENTEU,2013-08,22,22,17,17
DCOILBRENTEU,2013-09,21,20,17,16
DCOILBRENTEU,2013-10,23,23,18,18
DCOILBRENTEU,2013-11,21,20,16,16
DCOILBRENTEU,2013-12,22,21,17,17
DCOILBRENTEU,2014-01,23,22,18,17
DCOILBRENTEU,2014-02,20,19,16,15
DCOILBRENTEU,2014-03,21,21,16,16
DCOILBRENTEU,2014-04,22,21,18,17
DCOILBRENTEU,2014-05,22,22,17,17
DCOILBRENTEU,2014-06,21,21,17,17
DCOILBRENTEU,2014-07,23,22,18,17
DCOILBRENTEU,2014-08,21,21,16,16
DCOILBRENTEU,2014-09,22,21,18,17
DCOILBRENTEU,2014-10,23,22,18,17
DCOILBRENTEU,2014-11,20,19,16,16
DCOILBRENTEU,2014-12,23,22,18,18
DCOILBRENTEU,2015-01,22,20,17,15
DCOILBRENTEU,2015-02,20,20,17,17
DCOILBRENTEU,2015-03,22,22,17,17
DCOILBRENTEU,2015-04,22,21,18,17
DCOILBRENTEU,2015-05,21,20,16,16
DCOILBRENTEU,2015-06,22,22,18,18
DCOILBRENTEU,2015-07,23,23,18,18
DCOILBRENTEU,2015-08,21,20,16,16
DCOILBRENTEU,2015-09,22,22,18,18
DCOILBRENTEU,2015-10,22,22,17,17
DCOILBRENTEU,2015-11,21,21,17,17
DCOILBRENTEU,2015-12,23,22,18,18
DCOILBRENTEU,2016-01,21,20,16,15
DCOILBRENTEU,2016-02,21,20,18,17
DCOILBRENTEU,2016-03,23,22,18,18
DCOILBRENTEU,2016-04,21,21,16,16
DCOILBRENTEU,2016-05,22,21,17,17
DCOILBRENTEU,2016-06,22,22,18,18
DCOILBRENTEU,2016-07,21,21,16,16
DCOILBRENTEU,2016-08,23,23,18,18
DCOILBRENTEU,2016-09,22,22,17,17
DCOILBRENTEU,2016-10,21,21,16,16
DCOILBRENTEU,2016-11,22,22,18,18
DCOILBRENTEU,2016-12,22,20,17,17
DCOILBRENTEU,2017-01,22,21,17,16
DCOILBRENTEU,2017-02,20,20,18,18
DCOILBRENTEU,2017-03,23,23,18,18
DCOILBRENTEU,2017-04,20,19,16,15
DCOILBRENTEU,2017-05,23,23,18,18
DCOILBRENTEU,2017-06,22,22,17,17
DCOILBRENTEU,2017-07,21,21,16,16
DCOILBRENTEU,2017-08,23,23,18,18
DCOILBRENTEU,2017-09,21,21,16,16
DCOILBRENTEU,2017-10,22,22,17,17
DCOILBRENTEU,2017-11,22,22,18,18
DCOILBRENTEU,2017-12,21,19,16,16
DCOILBRENTEU,2018-01,23,22,18,17
DCOILBRENTEU,2018-02,20,20,17,17
DCOILBRENTEU,2018-03,22,21,17,17
DCOILBRENTEU,2018-04,21,20,17,16
DCOILBRENTEU,2018-05,23,21,18,17
DCOILBRENTEU,2018-06,21,21,16,16
DCOILBRENTEU,2018-07,22,22,17,17
DCOILBRENTEU,2018-08,23,23,18,18
DCOILBRENTEU,2018-09,20,20,16,16
DCOILBRENTEU,2018-10,23,23,18,18
DCOILBRENTEU,2018-11,22,22,17,17
DCOILBRENTEU,2018-12,21,17,16,15
DCOILBRENTEU,2019-01,23,22,18,17
DCOILBRENTEU,2019-02,20,20,16,16
DCOILBRENTEU,2019-03,21,21,16,16
DCOILBRENTEU,2019-04,22,21,18,17
DCOILBRENTEU,2019-05,23,22,18,18
DCOILBRENTEU,2019-06,20,20,16,16
DCOILBRENTEU,2019-07,23,23,18,18
DCOILBRENTEU,2019-08,22,22,17,17
DCOILBRENTEU,2019-09,21,21,17,17
DCOILBRENTEU,2019-10,23,23,18,18
DCOILBRENTEU,2019-11,21,21,16,16
DCOILBRENTEU,2019-12,22,21,17,17
DCOILBRENTEU,2020-01,23,22,18,17
DCOILBRENTEU,2020-02,20,20,16,16
DCOILBRENTEU,2020-03,22,22,17,17
DCOILBRENTEU,2020-04,22,20,18,16
DCOILBRENTEU,2020-05,21,19,16,15
DCOILBRENTEU,2020-06,22,22,18,18
DCOILBRENTEU,2020-07,23,23,18,18
DCOILBRENTEU,2020-08,21,20,16,16
DCOILBRENTEU,2020-09,22,22,18,18
DCOILBRENTEU,2020-10,22,22,17,17
DCOILBRENTEU,2020-11,21,21,17,17
DCOILBRENTEU,2020-12,23,22,18,18
DCOILBRENTEU,2021-01,21,20,16,15
DCOILBRENTEU,2021-02,20,20,18,18
DCOILBRENTEU,2021-03,23,23,18,18
DCOILBRENTEU,2021-04,22,20,17,15
DCOILBRENTEU,2021-05,21,19,16,15
DCOILBRENTEU,2021-06,22,22,18,18
DCOILBRENTEU,2021-07,22,22,17,17
DCOILBRENTEU,2021-08,22,21,17,17
DCOILBRENTEU,2021-09,22,22,18,18
DCOILBRENTEU,2021-10,21,21,16,16
DCOILBRENTEU,2021-11,22,22,18,18
DCOILBRENTEU,2021-12,23,21,18,18
DCOILBRENTEU,2022-01,21,21,16,16
DCOILBRENTEU,2022-02,20,20,18,18
DCOILBRENTEU,2022-03,23,23,18,18
DCOILBRENTEU,2022-04,21,19,16,14
DCOILBRENTEU,2022-05,22,21,17,16
DCOILBRENTEU,2022-06,22,21,18,17
DCOILBRENTEU,2022-07,21,21,16,16
DCOILBRENTEU,2022-08,23,22,18,18
DCOILBRENTEU,2022-09,22,21,17,16
DCOILBRENTEU,2022-10,21,21,16,16
DCOILBRENTEU,2022-11,22,22,18,18
DCOILBRENTEU,2022-12,22,20,17,17
DCOILBRENTEU,2023-01,22,21,17,16
DCOILBRENTEU,2023-02,20,20,18,18
DCOILBRENTEU,2023-03,23,23,18,18
DCOILBRENTEU,2023-04,20,18,16,14
DCOILBRENTEU,2023-05,23,20,18,16
DCOILBRENTEU,2023-06,22,22,17,17
DCOILBRENTEU,2023-07,21,21,16,16
DCOILBRENTEU,2023-08,23,22,18,18
DCOILBRENTEU,2023-09,21,21,16,16
DCOILBRENTEU,2023-10,22,22,17,17
DCOILBRENTEU,2023-11,22,22,18,18
DCOILBRENTEU,2023-12,21,19,16,16
DCOILBRENTEU,2024-01,23,22,18,17
DCOILBRENTEU,2024-02,21,21,17,17
DCOILBRENTEU,2024-03,21,20,16,16
DCOILBRENTEU,2024-04,22,21,18,17
DCOILBRENTEU,2024-05,23,21,18,17
DCOILBRENTEU,2024-06,20,20,16,16
DCOILBRENTEU,2024-07,23,23,18,18
DCOILBRENTEU,2024-08,22,21,17,17
DCOILBRENTEU,2024-09,21,21,17,17
DCOILBRENTEU,2024-10,23,23,18,18
DCOILBRENTEU,2024-11,21,21,16,16
DCOILBRENTEU,2024-12,22,20,17,17
DCOILBRENTEU,2025-01,23,22,18,17
DCOILBRENTEU,2025-02,20,20,16,16
DCOILBRENTEU,2025-03,21,21,16,16
DCOILBRENTEU,2025-04,22,20,18,16
DCOILBRENTEU,2025-05,22,20,17,16
DCOILBRENTEU,2025-06,21,21,17,17
DCOILBRENTEU,2025-07,23,23,18,18
DCOILBRENTEU,2025-08,21,20,16,16
DCOILBRENTEU,2025-09,22,22,18,18
DCOILBRENTEU,2025-10,23,23,18,18
DCOILBRENTEU,2025-11,20,20,16,16
DCOILBRENTEU,2025-12,23,21,18,18
DCOILBRENTEU,2026-01,22,21,17,16
DCOILBRENTEU,2026-02,20,20,17,17
DCOILBRENTEU,2026-03,22,22,17,17
DCOILBRENTEU,2026-04,22,20,18,16
DCOILBRENTEU,2026-05,21,19,16,15
DCOILBRENTEU,2026-06,22,22,18,18
DCOILBRENTEU,2026-07,23,23,18,18
DCOILBRENTEU,2026-08,21,20,16,16
DCOILBRENTEU,2026-09,21,21,18,18
