commodity_code,commodity_name_th,rows,start,end,missing_months_full_range
000,รวมทุกรายการ,320,2000-01-01,2026-08-01,0
100,1. สินค้าเชื้อเพลิง,320,2000-01-01,2026-08-01,0
101,1.1 น้ำมันดิบ,320,2000-01-01,2026-08-01,0
102,1.2 น้ำมันสำเร็จรูป,320,2000-01-01,2026-08-01,0
103,1.3 ก๊าซธรรมชาติปิโตรเลียม,320,2000-01-01,2026-08-01,0
104,1.4 ถ่านหิน,320,2000-01-01,2026-08-01,0
105,1.5 เชื้อเพลิงอื่น ๆ,320,2000-01-01,2026-08-01,0
200,2. สินค้าทุน,320,2000-01-01,2026-08-01,0
201,2.1 สัตว์และพืชสำหรับทำพันธุ์,320,2000-01-01,2026-08-01,0
202,2.2 ผลิตภัณฑ์โลหะ,320,2000-01-01,2026-08-01,0
203,2.3 ผลิตภัณฑ์ทำจากยาง,320,2000-01-01,2026-08-01,0
204,2.4 เครื่องจักรกลและส่วนประกอบ,320,2000-01-01,2026-08-01,0
205,2.5 เครื่องจักรไฟฟ้าและส่วนประกอบ,320,2000-01-01,2026-08-01,0
206,2.6 เครื่องคอมพิวเตอร์ อุปกรณ์และส่วนประกอบ,320,2000-01-01,2026-08-01,0
207,2.7 เครื่องมือ เครื่องใช้ทางวิทยาศาสตร์ การแพทย์ การทดสอบ,320,2000-01-01,2026-08-01,0
208,2.8 กล้อง  เลนส์และอุปกรณ์การถ่ายรูป ถ่ายภาพยนตร์,320,2000-01-01,2026-08-01,0
209,2.9 เครื่องบิน เครื่องร่อน อุปกรณ์การบินและส่วนประกอบ,320,2000-01-01,2026-08-01,0
210,2.10 เรือและสิ่งก่อสร้างลอยน้ำ,320,2000-01-01,2026-08-01,0
211,2.11 รถไฟ อุปกรณ์และส่วนประกอบ,320,2000-01-01,2026-08-01,0
212,2.12 สินค้าทุนอื่น ๆ,320,2000-01-01,2026-08-01,0
300,3. สินค้าวัตถุดิบและกึ่งสำเร็จรูป,320,2000-01-01,2026-08-01,0
301,3.1 สัตว์น้ำสด แช่เย็น แช่แข็ง แปรรูปและกึ่งสำเร็จรูป,320,2000-01-01,2026-08-01,0
302,3.2 พืชและผลิตภัณฑ์จากพืช,320,2000-01-01,2026-08-01,0
303,3.3 สัตว์และผลิตภัณฑ์จากสัตว์อื่น ๆ,320,2000-01-01,2026-08-01,0
304,3.4 เยื่อกระดาษและเศษกระดาษ,320,2000-01-01,2026-08-01,0
305,3.5 กระดาษ และผลิตภัณฑ์กระดาษ,320,2000-01-01,2026-08-01,0
306,3.6 ไม้ซุง ไม้แปรรูปและผลิตภัณฑ์,320,2000-01-01,2026-08-01,0
307,3.7 ด้ายและเส้นใย,320,2000-01-01,2026-08-01,0
308,3.8 ผ้าผืน,320,2000-01-01,2026-08-01,0
309,3.9 เคมีภัณฑ์,320,2000-01-01,2026-08-01,0
310,3.10 ผลิตภัณฑ์ทำจากพลาสติก,320,2000-01-01,2026-08-01,0
311,3.11 เครื่องเพชรพลอย อัญมณี เงินแท่งและทองคำ,320,2000-01-01,2026-08-01,0
312,3.12 แร่และผลิตภัณฑ์จากแร่,320,2000-01-01,2026-08-01,0
313,3.13 เหล็ก เหล็กกล้าและผลิตภัณฑ์,320,2000-01-01,2026-08-01,0
314,3.14 สินแร่โลหะอื่น ๆ เศษโลหะและผลิตภัณฑ์,320,2000-01-01,2026-08-01,0
315,3.15 หลอดภาพโทรทัศน์และส่วนประกอบ,204,2000-01-01,2016-12-01,116
316,3.16 วัสดุทำจากยาง,320,2000-01-01,2026-08-01,0
317,3.17 กระจก แก้ว และผลิตภัณฑ์,320,2000-01-01,2026-08-01,0
318,3.18 ปุ๋ย และยากำจัดศัตรูพืชและสัตว์,320,2000-01-01,2026-08-01,0
319,3.19 ฟิล์มถ่ายรูป ถ่ายภาพยนต์และเคมีปรุงแต่งใช้ในการถ่าย,320,2000-01-01,2026-08-01,0
320,3.20 ปูนซิเมนต์,320,2000-01-01,2026-08-01,0
321,3.21 ซีเมนต์ แอสเบสทอส เมกา และผลิตภัณฑ์,320,2000-01-01,2026-08-01,0
322,3.22 ผลิตภัณฑ์เซรามิก,320,2000-01-01,2026-08-01,0
323,3.23 ลวดและสายเคเบิล,320,2000-01-01,2026-08-01,0
324,3.24 อุปกรณ์ ส่วนประกอบเครื่องใช้ไฟฟ้าและอิเล็กทรอนิกส์,320,2000-01-01,2026-08-01,0
325,3.25 วัตถุดิบและผลิตภัณฑ์กึ่งสำเร็จรูปอื่นๆ,320,2000-01-01,2026-08-01,0
400,4. สินค้าอุปโภคบริโภค,320,2000-01-01,2026-08-01,0
401,4.1 สัตว์มีชีวิตไม่ได้ทำพันธุ์,300,2000-01-01,2024-12-01,20
402,4.2 นมและผลิตภัณฑ์นม,320,2000-01-01,2026-08-01,0
403,4.3 อาหารปรุงแต่งสำหรับใช้เลี้ยงทารก,320,2000-01-01,2026-08-01,0
404,4.4 ข้าวและผลิตภัณฑ์จากแป้ง,320,2000-01-01,2026-08-01,0
405,4.5 ผัก ผลไม้และของปรุงแต่งที่ทำจากผัก ผลไม้,320,2000-01-01,2026-08-01,0
406,4.6 เนื้อสัตว์สำหรับการบริโภค,320,2000-01-01,2026-08-01,0
407,4.7 กาแฟ ชา เครื่องเทศ,320,2000-01-01,2026-08-01,0
408,4.8 เครื่องดื่มประเภทน้ำแร่ น้ำอัดลมและสุรา,320,2000-01-01,2026-08-01,0
409,4.9  ขนมหวานและช็อกโกแลต,320,2000-01-01,2026-08-01,0
410,4.10 ผลิตภัณฑ์อาหารอื่น ๆ,320,2000-01-01,2026-08-01,0
411,4.11 ผลิตภัณฑ์ยาสูบ,320,2000-01-01,2026-08-01,0
412,4.12 สบู่ ผงซักฟอกและเครื่องสำอาง,320,2000-01-01,2026-08-01,0
413,4.13 เสื้อผ้า รองเท้า และผลิตภัณฑ์สิ่งทออื่น ๆ,320,2000-01-01,2026-08-01,0
414,4.14 ผลิตภัณฑ์เวชกรรมและเภสัชกรรม,320,2000-01-01,2026-08-01,0
415,4.15 เลนซ์ แว่นตาและส่วนประกอบ,320,2000-01-01,2026-08-01,0
416,4.16 เครื่องใช้เบ็ดเตล็ด,320,2000-01-01,2026-08-01,0
417,4.17 กล้องถ่ายรูป อุปกรณ์และส่วนประกอบ,288,2000-01-01,2023-12-01,32
418,4.18 เครื่องใช้และเครื่องตกแต่งภายในบ้านเรือน,320,2000-01-01,2026-08-01,0
419,4.19 ผลิตภัณฑ์กระดาษ,320,2000-01-01,2026-08-01,0
420,4.20 สิ่งพิมพ์,320,2000-01-01,2026-08-01,0
421,4.21 วัสดุและอุปกรณ์สำนักงาน,320,2000-01-01,2026-08-01,0
422,4.22 เครื่องดนตรี ของเล่น เครื่องกีฬาและเครื่องเล่นเกม,320,2000-01-01,2026-08-01,0
423,4.23 เครื่องใช้ไฟฟ้าในบ้าน,320,2000-01-01,2026-08-01,0
424,4.24 เครื่องประดับอัญมณี,320,2000-01-01,2026-08-01,0
425,4.25 นาฬิกาและส่วนประกอบ,320,2000-01-01,2026-08-01,0
426,4.26 สินค้าอุปโภคบริโภคอื่น ๆ,320,2000-01-01,2026-08-01,0
500,5. ยานพาหนะและอุปกรณ์การขนส่ง,320,2000-01-01,2026-08-01,0
501,5.1 รถยนต์นั่ง,320,2000-01-01,2026-08-01,0
502,5.2 รถยนต์โดยสารและรถบรรทุก,320,2000-01-01,2026-08-01,0
503,5.3 ยานพาหนะอื่น ๆ,320,2000-01-01,2026-08-01,0
504,5.4 ส่วนประกอบและอุปกรณ์ ยานยนต์,320,2000-01-01,2026-08-01,0
505,5.5 รถจักรยานยนต์,320,2000-01-01,2026-08-01,0
506,5.6 รถจักรยาน,320,2000-01-01,2026-08-01,0
507,5.7 ส่วนประกอบและอุปกรณ์จักรยานยนต์ และรถจักรยาน,320,2000-01-01,2026-08-01,0
