commodity_code,group,external_series,lag_months,n,pearson_correlation
100,Fuel,DEXTHUS,0,319,-0.06461002045275716
100,Fuel,DEXTHUS,1,318,-0.11704867550742455
100,Fuel,DEXTHUS,2,317,-0.04978829161724309
100,Fuel,DEXTHUS,3,316,-0.08144348554610942
100,Fuel,DEXTHUS,4,315,-0.1311548190967485
100,Fuel,DEXTHUS,5,314,-0.07419195289195661
100,Fuel,DEXTHUS,6,313,-0.098804143287424
100,Fuel,DCOILBRENTEU,0,319,0.816708799005347
100,Fuel,DCOILBRENTEU,1,318,0.4523763424949476
100,Fuel,DCOILBRENTEU,2,317,0.09381075243313625
100,Fuel,DCOILBRENTEU,3,316,-0.07177292965805925
100,Fuel,DCOILBRENTEU,4,315,-0.07230415641378714
100,Fuel,DCOILBRENTEU,5,314,-0.017058971945002686
100,Fuel,DCOILBRENTEU,6,313,0.020385275702693256
318,Fertilizer,DEXTHUS,0,319,0.0800687151078438
318,Fertilizer,DEXTHUS,1,318,0.039254146214626744
318,Fertilizer,DEXTHUS,2,317,-0.05422171855096737
318,Fertilizer,DEXTHUS,3,316,-0.10113819749091939
318,Fertilizer,DEXTHUS,4,315,-0.1146192433199318
318,Fertilizer,DEXTHUS,5,314,-0.0993427129202668
318,Fertilizer,DEXTHUS,6,313,-0.06152756693737395
318,Fertilizer,DCOILBRENTEU,0,319,0.28637347594854007
318,Fertilizer,DCOILBRENTEU,1,318,0.30640190717583654
318,Fertilizer,DCOILBRENTEU,2,317,0.21047387309229187
318,Fertilizer,DCOILBRENTEU,3,316,0.06459680193536772
318,Fertilizer,DCOILBRENTEU,4,315,0.008775638666150389
318,Fertilizer,DCOILBRENTEU,5,314,0.010968425650941704
318,Fertilizer,DCOILBRENTEU,6,313,0.08720692059023537
402,Dairy products,DEXTHUS,0,319,-0.14060781972800998
402,Dairy products,DEXTHUS,1,318,-0.10345277873869455
402,Dairy products,DEXTHUS,2,317,0.04152544115434374
402,Dairy products,DEXTHUS,3,316,-0.007741117783388316
402,Dairy products,DEXTHUS,4,315,-0.07662497422451556
402,Dairy products,DEXTHUS,5,314,-0.05710430567822197
402,Dairy products,DEXTHUS,6,313,-0.09332368817377848
402,Dairy products,DCOILBRENTEU,0,319,0.08190480598994922
402,Dairy products,DCOILBRENTEU,1,318,0.07798761721972375
402,Dairy products,DCOILBRENTEU,2,317,-0.02057514248514555
402,Dairy products,DCOILBRENTEU,3,316,0.13739966278986684
402,Dairy products,DCOILBRENTEU,4,315,0.1755717261457343
402,Dairy products,DCOILBRENTEU,5,314,0.12512891853551308
402,Dairy products,DCOILBRENTEU,6,313,0.08907691773658291
