lag,cumulative,ci_low,ci_high,pair
0,0.0010221258734703542,-0.015733913892500034,0.017778165639440742,IMI 402 นม → CPI 11320 นมและผลิตภัณฑ์นม
1,-0.021956555490457236,-0.0449339272030472,0.0010208162221327331,IMI 402 นม → CPI 11320 นมและผลิตภัณฑ์นม
2,-0.017250235709052292,-0.05369054429468189,0.019190072876577306,IMI 402 นม → CPI 11320 นมและผลิตภัณฑ์นม
3,0.011455168234633491,-0.038806045016061705,0.061716381485328695,IMI 402 นม → CPI 11320 นมและผลิตภัณฑ์นม
4,0.047250030219255154,-0.003446041909120949,0.09794610234763126,IMI 402 นม → CPI 11320 นมและผลิตภัณฑ์นม
5,0.07048659738366503,0.01122116095713424,0.12975203381019582,IMI 402 นม → CPI 11320 นมและผลิตภัณฑ์นม
6,0.08916402354592531,0.026556198575648338,0.1517718485162023,IMI 402 นม → CPI 11320 นมและผลิตภัณฑ์นม
7,0.07484799706156618,0.005987542697943479,0.1437084514251889,IMI 402 นม → CPI 11320 นมและผลิตภัณฑ์นม
8,0.10392501593921546,0.007059728128853679,0.20079030374957724,IMI 402 นม → CPI 11320 นมและผลิตภัณฑ์นม
9,0.10810213408782125,-0.0019838890342850773,0.21818815720992757,IMI 402 นม → CPI 11320 นมและผลิตภัณฑ์นม
10,0.08735857355651547,-0.00906629511862217,0.1837834422316531,IMI 402 นม → CPI 11320 นมและผลิตภัณฑ์นม
11,0.09346693416684883,-0.008870096173501762,0.19580396450719942,IMI 402 นม → CPI 11320 นมและผลิตภัณฑ์นม
12,0.08844582542564172,-0.00019482586325779427,0.17708647671454125,IMI 402 นม → CPI 11320 นมและผลิตภัณฑ์นม
0,0.009888281894724831,-0.0013304151502875235,0.021106978939737186,IMI 402 นม → PPI 3105 ผลิตภัณฑ์นม
1,0.02476464124203567,0.013964623821690184,0.035564658662381156,IMI 402 นม → PPI 3105 ผลิตภัณฑ์นม
2,-0.002903332422390787,-0.01427441808107699,0.008467753236295415,IMI 402 นม → PPI 3105 ผลิตภัณฑ์นม
3,0.01827021519810135,0.005239267233586165,0.03130116316261654,IMI 402 นม → PPI 3105 ผลิตภัณฑ์นม
4,0.02265769851731061,0.011320675689606662,0.033994721345014564,IMI 402 นม → PPI 3105 ผลิตภัณฑ์นม
5,0.02356266028693687,0.010924405564266835,0.036200915009606906,IMI 402 นม → PPI 3105 ผลิตภัณฑ์นม
6,0.013564669363049007,0.0008963796194860849,0.026232959106611928,IMI 402 นม → PPI 3105 ผลิตภัณฑ์นม
7,0.037575551794533674,0.025301801297281948,0.0498493022917854,IMI 402 นม → PPI 3105 ผลิตภัณฑ์นม
8,0.03475559867531573,0.02268693047333869,0.046824266877292776,IMI 402 นม → PPI 3105 ผลิตภัณฑ์นม
9,0.028362193081269672,0.01296676029128776,0.043757625871251586,IMI 402 นม → PPI 3105 ผลิตภัณฑ์นม
10,0.044417858088021414,0.02956060767784852,0.05927510849819431,IMI 402 นม → PPI 3105 ผลิตภัณฑ์นม
11,0.05974409710083072,0.044998147178572,0.07449004702308944,IMI 402 นม → PPI 3105 ผลิตภัณฑ์นม
12,0.04705302694561677,0.03182213928603311,0.06228391460520043,IMI 402 นม → PPI 3105 ผลิตภัณฑ์นม
0,0.33634327558399846,0.2046804027422561,0.46800614842574084,IMI 318 ปุ๋ย → PPI 3201 เคมีภัณฑ์ขั้นมูลฐาน ปุ๋ยเคมี พลาสติก
1,0.23770473643866316,0.12211128581461204,0.35329818706271426,IMI 318 ปุ๋ย → PPI 3201 เคมีภัณฑ์ขั้นมูลฐาน ปุ๋ยเคมี พลาสติก
2,-0.06688437428804797,-0.2824131512424868,0.14864440266639087,IMI 318 ปุ๋ย → PPI 3201 เคมีภัณฑ์ขั้นมูลฐาน ปุ๋ยเคมี พลาสติก
3,0.17490116383504264,-0.0840055503223808,0.4338078779924661,IMI 318 ปุ๋ย → PPI 3201 เคมีภัณฑ์ขั้นมูลฐาน ปุ๋ยเคมี พลาสติก
4,0.1992953268441457,0.01564364586846312,0.38294700781982827,IMI 318 ปุ๋ย → PPI 3201 เคมีภัณฑ์ขั้นมูลฐาน ปุ๋ยเคมี พลาสติก
5,0.0993467308860623,-0.1481799766333289,0.3468734384054535,IMI 318 ปุ๋ย → PPI 3201 เคมีภัณฑ์ขั้นมูลฐาน ปุ๋ยเคมี พลาสติก
6,-0.0037928143537084846,-0.27587582952891504,0.26829020082149807,IMI 318 ปุ๋ย → PPI 3201 เคมีภัณฑ์ขั้นมูลฐาน ปุ๋ยเคมี พลาสติก
7,-0.36394441612020756,-0.6957981175395733,-0.03209071470084174,IMI 318 ปุ๋ย → PPI 3201 เคมีภัณฑ์ขั้นมูลฐาน ปุ๋ยเคมี พลาสติก
8,-0.5125486792607454,-0.9149105846762224,-0.11018677384526848,IMI 318 ปุ๋ย → PPI 3201 เคมีภัณฑ์ขั้นมูลฐาน ปุ๋ยเคมี พลาสติก
9,-0.2545517289545992,-0.5087574039276708,-0.00034605398152764977,IMI 318 ปุ๋ย → PPI 3201 เคมีภัณฑ์ขั้นมูลฐาน ปุ๋ยเคมี พลาสติก
10,-0.1257722179135544,-0.2894629420057717,0.037918506178662964,IMI 318 ปุ๋ย → PPI 3201 เคมีภัณฑ์ขั้นมูลฐาน ปุ๋ยเคมี พลาสติก
11,-0.0015850847809786295,-0.23180342800664405,0.2286332584446868,IMI 318 ปุ๋ย → PPI 3201 เคมีภัณฑ์ขั้นมูลฐาน ปุ๋ยเคมี พลาสติก
12,-0.17873066010631045,-0.5166997634294996,0.15923844321687874,IMI 318 ปุ๋ย → PPI 3201 เคมีภัณฑ์ขั้นมูลฐาน ปุ๋ยเคมี พลาสติก
