commodity_code,month_ce,horizon,forecast_origin,target_month,target_available_date,fx_lead_t1_full_max_date,brent_lead_t1_full_max_date
402,2025-03-01,6,2025-05-15,2025-09-01,2025-11-15,2025-04-30,2025-04-30
402,2025-04-01,6,2025-06-15,2025-10-01,2025-12-15,2025-05-30,2025-05-30
402,2025-05-01,6,2025-07-15,2025-11-01,2026-01-15,2025-06-30,2025-06-30
402,2025-06-01,6,2025-08-15,2025-12-01,2026-02-15,2025-07-31,2025-07-31
402,2025-07-01,6,2025-09-15,2026-01-01,2026-03-15,2025-08-29,2025-08-29
402,2025-08-01,6,2025-10-15,2026-02-01,2026-04-15,2025-09-30,2025-09-30
402,2025-09-01,6,2025-11-15,2026-03-01,2026-05-15,2025-10-31,2025-10-31
402,2025-10-01,6,2025-12-15,2026-04-01,2026-06-15,2025-11-28,2025-11-28
402,2025-11-01,6,2026-01-15,2026-05-01,2026-07-15,2025-12-31,2025-12-31
402,2025-12-01,6,2026-02-15,2026-06-01,2026-08-15,2026-01-30,2026-01-30
402,2026-01-01,6,2026-03-15,2026-07-01,2026-09-15,2026-02-27,2026-02-27
402,2026-02-01,6,2026-04-15,2026-08-01,2026-10-15,2026-03-31,2026-03-31
