horizon,commodity_code,rows,first_t,last_t,test_origins
2,100,306,2001-01-01,2026-06-01,90
2,318,306,2001-01-01,2026-06-01,90
2,402,306,2001-01-01,2026-06-01,90
3,100,305,2001-01-01,2026-05-01,89
3,318,305,2001-01-01,2026-05-01,89
3,402,305,2001-01-01,2026-05-01,89
4,100,304,2001-01-01,2026-04-01,88
4,318,304,2001-01-01,2026-04-01,88
4,402,304,2001-01-01,2026-04-01,88
5,100,303,2001-01-01,2026-03-01,87
5,318,303,2001-01-01,2026-03-01,87
5,402,303,2001-01-01,2026-03-01,87
6,100,302,2001-01-01,2026-02-01,86
6,318,302,2001-01-01,2026-02-01,86
6,402,302,2001-01-01,2026-02-01,86
