commodity_code,p,d,q,trend,aic,converged
100,0,1,0,n,-631.2987330418463,True
100,0,1,0,t,-632.6770376907014,True
100,0,1,1,n,-669.3186569054653,True
100,0,1,1,t,-669.093749764616,True
100,0,1,2,n,-676.5828087561763,True
100,0,1,2,t,-675.7631298113405,True
100,1,1,0,n,-682.9817281213589,True
100,1,1,0,t,-681.6376178976668,True
100,1,1,1,n,-681.6770205708455,True
100,1,1,1,t,-680.2009913304364,True
100,1,1,2,n,-679.9253127732827,True
100,1,1,2,t,-678.4793946777785,True
100,2,1,0,n,-681.7574141808843,True
100,2,1,0,t,-680.2779648447633,True
100,2,1,1,n,-679.7661562357074,True
100,2,1,1,t,-678.2940521261471,True
100,2,1,2,n,-680.6970040782325,True
100,2,1,2,t,-680.0745755749261,False
318,0,1,0,n,-802.8946694374343,True
318,0,1,0,t,-803.8891914956027,True
318,0,1,1,n,-848.4628039075552,True
318,0,1,1,t,-848.3188827599532,True
318,0,1,2,n,-864.4606417928196,True
318,0,1,2,t,-863.8271268222311,True
318,1,1,0,n,-872.289885739689,True
318,1,1,0,t,-871.1017104130492,True
318,1,1,1,n,-873.8648341685241,True
318,1,1,1,t,-872.4649991845531,True
318,1,1,2,n,-875.5155984445794,True
318,1,1,2,t,-874.1770634885132,True
318,2,1,0,n,-874.9542742491637,True
318,2,1,0,t,-873.5338327174004,True
318,2,1,1,n,-872.9997780251683,True
318,2,1,1,t,-871.5909279319176,True
318,2,1,2,n,-876.2846390125751,False
318,2,1,2,t,-874.9009018360869,False
402,0,1,0,n,-850.6974699639483,False
402,0,1,0,t,-855.252820122834,True
402,0,1,1,n,-858.2055771573446,True
402,0,1,1,t,-861.1338158987653,True
402,0,1,2,n,-864.3024865870105,True
402,0,1,2,t,-866.15211494505,True
402,1,1,0,n,-863.190537298,True
402,1,1,0,t,-864.9901496423568,True
402,1,1,1,n,-879.1249282003296,True
402,1,1,1,t,-878.2988470636599,True
402,1,1,2,n,-880.0513456290718,True
402,1,1,2,t,-879.1656749693492,False
402,2,1,0,n,-872.7666997685366,True
402,2,1,0,t,-873.0909571992926,True
402,2,1,1,n,-879.2226593121545,True
402,2,1,1,t,-878.3597848339473,True
402,2,1,2,n,-881.1452415829644,True
402,2,1,2,t,-880.1786508566686,False
