commodity_code,horizon,feature_set,alpha,validation_mae,selected
100,2,1,0.01,7.457399949913493,False
100,2,1,0.03162277660168379,7.457029675866185,False
100,2,1,0.1,7.455866956351933,False
100,2,1,0.31622776601683794,7.452268317665904,False
100,2,1,1.0,7.441570164572686,False
100,2,1,3.1622776601683795,7.413209707499057,False
100,2,1,10.0,7.3758043006432175,False
100,2,1,31.622776601683793,7.3594982382963074,False
100,2,1,100.0,7.455880845936704,False
100,2,1,316.22776601683796,7.484188891225505,False
100,2,1,1000.0,7.399483360414265,False
100,2,1,3162.2776601683795,7.304515755571594,False
100,2,1,10000.0,7.256392236270027,False
100,2,1,31622.776601683792,7.237670174129515,False
100,2,1,100000.0,7.231326123206796,True
100,2,2,0.01,7.508946099650147,False
100,2,2,0.03162277660168379,7.508804207049219,False
100,2,2,0.1,7.50835930170681,False
100,2,2,0.31622776601683794,7.506988689797467,False
100,2,2,1.0,7.502971270117647,False
100,2,2,3.1622776601683795,7.4940009841437485,False
100,2,2,10.0,7.49084499765231,False
100,2,2,31.622776601683793,7.506473877630739,False
100,2,2,100.0,7.555962071987928,False
100,2,2,316.22776601683796,7.531228088070467,False
100,2,2,1000.0,7.405222629866148,False
100,2,2,3162.2776601683795,7.303794604772297,False
100,2,2,10000.0,7.25594051882771,False
100,2,2,31622.776601683792,7.237505473648344,False
100,2,2,100000.0,7.231271916212705,True
100,2,3,0.01,4.343212756470664,True
100,2,3,0.03162277660168379,4.34328267022726,False
100,2,3,0.1,4.343508657100321,False
100,2,3,0.31622776601683794,4.344268935132164,False
100,2,3,1.0,4.349101494559617,False
100,2,3,3.1622776601683795,4.370559682576904,False
100,2,3,10.0,4.44265046798822,False
100,2,3,31.622776601683793,4.711664600504701,False
100,2,3,100.0,5.287200188240408,False
100,2,3,316.22776601683796,6.119134585921038,False
100,2,3,1000.0,6.786792995664004,False
100,2,3,3162.2776601683795,7.075520618114442,False
100,2,3,10000.0,7.181320413313862,False
100,2,3,31622.776601683792,7.213723189015102,False
100,2,3,100000.0,7.223735187287084,False
100,2,3-noRecent,0.01,7.748113802160674,False
100,2,3-noRecent,0.03162277660168379,7.747709471606296,False
100,2,3-noRecent,0.1,7.746435329803855,False
100,2,3-noRecent,0.31622776601683794,7.742450416498719,False
100,2,3-noRecent,1.0,7.731090487045837,False
100,2,3-noRecent,3.1622776601683795,7.706896184963934,False
100,2,3-noRecent,10.0,7.675715017546975,False
100,2,3-noRecent,31.622776601683793,7.601568387359033,False
100,2,3-noRecent,100.0,7.504271699778681,False
100,2,3-noRecent,316.22776601683796,7.442840190402735,False
100,2,3-noRecent,1000.0,7.387434182964593,False
100,2,3-noRecent,3162.2776601683795,7.304647980223397,False
100,2,3-noRecent,10000.0,7.257063490632228,False
100,2,3-noRecent,31622.776601683792,7.238201120589932,False
100,2,3-noRecent,100000.0,7.231530951610185,True
100,2,3-cutoff24,0.01,4.723523656266707,False
100,2,3-cutoff24,0.03162277660168379,4.7235152753096274,False
100,2,3-cutoff24,0.1,4.723495006800657,True
100,2,3-cutoff24,0.31622776601683794,4.724135038013936,False
100,2,3-cutoff24,1.0,4.726926302282716,False
100,2,3-cutoff24,3.1622776601683795,4.7423202663037625,False
100,2,3-cutoff24,10.0,4.811802708330917,False
100,2,3-cutoff24,31.622776601683793,5.026678917100082,False
100,2,3-cutoff24,100.0,5.498898007751656,False
100,2,3-cutoff24,316.22776601683796,6.250028411252625,False
100,2,3-cutoff24,1000.0,6.845022341804973,False
100,2,3-cutoff24,3162.2776601683795,7.097428190214592,False
100,2,3-cutoff24,10000.0,7.187727417441484,False
100,2,3-cutoff24,31622.776601683792,7.215796029205241,False
100,2,3-cutoff24,100000.0,7.224395606623528,False
100,3,1,0.01,10.318493788359786,False
100,3,1,0.03162277660168379,10.317965122924145,False
100,3,1,0.1,10.316307586551112,False
100,3,1,0.31622776601683794,10.311202346947145,False
100,3,1,1.0,10.296252637334979,False
100,3,1,3.1622776601683795,10.264854632378588,False
100,3,1,10.0,10.214602073758142,False
100,3,1,31.622776601683793,10.121908035892295,False
100,3,1,100.0,9.970746712324367,False
100,3,1,316.22776601683796,9.758015690204855,False
100,3,1,1000.0,9.70666358524057,False
100,3,1,3162.2776601683795,9.65142807996559,False
100,3,1,10000.0,9.62733975649811,False
100,3,1,31622.776601683792,9.617799059821472,False
100,3,1,100000.0,9.614553065804271,True
100,3,2,0.01,9.974435172703371,False
100,3,2,0.03162277660168379,9.974356190255174,False
100,3,2,0.1,9.974109049690913,False
100,3,2,0.31622776601683794,9.973352279333787,False
100,3,2,1.0,9.971166366036144,False
100,3,2,3.1622776601683795,9.965482662437017,False
100,3,2,10.0,9.96793513887589,False
100,3,2,31.622776601683793,9.981656382245651,False
100,3,2,100.0,9.93246189007064,False
100,3,2,316.22776601683796,9.821442873838786,False
100,3,2,1000.0,9.724082937086424,False
100,3,2,3162.2776601683795,9.643446328757898,False
100,3,2,10000.0,9.62213929704964,False
100,3,2,31622.776601683792,9.616026732682409,False
100,3,2,100000.0,9.613979272507422,True
100,3,3,0.01,8.095145872411008,False
100,3,3,0.03162277660168379,8.094601241883447,False
100,3,3,0.1,8.092897684333899,False
100,3,3,0.31622776601683794,8.087686831196368,False
100,3,3,1.0,8.072688441689218,False
100,3,3,3.1622776601683795,8.034719766883894,False
100,3,3,10.0,7.974812303870004,True
100,3,3,31.622776601683793,7.982939511517011,False
100,3,3,100.0,8.253876552786126,False
100,3,3,316.22776601683796,8.637369834520655,False
100,3,3,1000.0,9.077639952355442,False
100,3,3,3162.2776601683795,9.377018199260258,False
100,3,3,10000.0,9.53309466793735,False
100,3,3,31622.776601683792,9.587255071456035,False
100,3,3,100000.0,9.604816574038498,False
100,3,3-noRecent,0.01,10.474171432966623,False
100,3,3-noRecent,0.03162277660168379,10.4738463272239,False
100,3,3-noRecent,0.1,10.472819866234788,False
100,3,3-noRecent,0.31622776601683794,10.4706282531767,False
100,3,3-noRecent,1.0,10.470958056942125,False
100,3,3-noRecent,3.1622776601683795,10.465220911256958,False
100,3,3-noRecent,10.0,10.420725601232549,False
100,3,3-noRecent,31.622776601683793,10.313500456732918,False
100,3,3-noRecent,100.0,10.092734689279888,False
100,3,3-noRecent,316.22776601683796,9.864378352761891,False
100,3,3-noRecent,1000.0,9.677853075458366,False
100,3,3-noRecent,3162.2776601683795,9.632601401094655,False
100,3,3-noRecent,10000.0,9.615370856180116,False
100,3,3-noRecent,31622.776601683792,9.61385867387652,False
100,3,3-noRecent,100000.0,9.613291051720182,True
100,3,3-cutoff24,0.01,8.515753270959307,False
100,3,3-cutoff24,0.03162277660168379,8.515051567988086,False
100,3,3-cutoff24,0.1,8.512855900748528,False
100,3,3-cutoff24,0.31622776601683794,8.506132494675088,False
100,3,3-cutoff24,1.0,8.486725953031785,False
100,3,3-cutoff24,3.1622776601683795,8.437363796825574,False
100,3,3-cutoff24,10.0,8.387351735211872,False
100,3,3-cutoff24,31.622776601683793,8.360586267803228,True
100,3,3-cutoff24,100.0,8.559783249763761,False
100,3,3-cutoff24,316.22776601683796,8.813696844371096,False
100,3,3-cutoff24,1000.0,9.144510026754817,False
100,3,3-cutoff24,3162.2776601683795,9.405105714440728,False
100,3,3-cutoff24,10000.0,9.542838841306857,False
100,3,3-cutoff24,31622.776601683792,9.590405853986317,False
100,3,3-cutoff24,100000.0,9.605820251058509,False
100,4,1,0.01,13.304279324234477,False
100,4,1,0.03162277660168379,13.303320310691563,False
100,4,1,0.1,13.300302564279981,False
100,4,1,0.31622776601683794,13.290903768386869,False
100,4,1,1.0,13.262482733680015,False
100,4,1,3.1622776601683795,13.1824561526498,False
100,4,1,10.0,12.983120937715427,False
100,4,1,31.622776601683793,12.558292258946478,False
100,4,1,100.0,12.007072417621181,False
100,4,1,316.22776601683796,11.685558132795286,False
100,4,1,1000.0,11.450136201324945,False
100,4,1,3162.2776601683795,11.402247763995172,False
100,4,1,10000.0,11.393241131383922,False
100,4,1,31622.776601683792,11.390336352901658,False
100,4,1,100000.0,11.389416264115932,True
100,4,2,0.01,12.340680523482957,False
100,4,2,0.03162277660168379,12.340045338427663,False
100,4,2,0.1,12.338048444555023,False
100,4,2,0.31622776601683794,12.331846291895019,False
100,4,2,1.0,12.313226246985082,False
100,4,2,3.1622776601683795,12.261371701320696,False
100,4,2,10.0,12.158034803486652,False
100,4,2,31.622776601683793,11.919819548450397,False
100,4,2,100.0,11.636590987763904,False
100,4,2,316.22776601683796,11.430113200696349,False
100,4,2,1000.0,11.301672515619815,True
100,4,2,3162.2776601683795,11.329473110640151,False
100,4,2,10000.0,11.366643852832636,False
100,4,2,31622.776601683792,11.381508908188474,False
100,4,2,100000.0,11.386580962315803,False
100,4,3,0.01,10.857390330270325,False
100,4,3,0.03162277660168379,10.856509475312428,False
100,4,3,0.1,10.85376991128352,False
100,4,3,0.31622776601683794,10.845537374477052,False
100,4,3,1.0,10.82306607680637,False
100,4,3,3.1622776601683795,10.773670352118216,False
100,4,3,10.0,10.693058518245328,False
100,4,3,31.622776601683793,10.627788255588266,False
100,4,3,100.0,10.61615809657771,True
100,4,3,316.22776601683796,10.729750272966145,False
100,4,3,1000.0,10.995908594881755,False
100,4,3,3162.2776601683795,11.154389873475553,False
100,4,3,10000.0,11.287630999828897,False
100,4,3,31622.776601683792,11.355629991391602,False
100,4,3,100000.0,11.378300393234793,False
100,4,3-noRecent,0.01,13.10812373090968,False
100,4,3-noRecent,0.03162277660168379,13.10727963255561,False
100,4,3-noRecent,0.1,13.104641422243809,False
100,4,3-noRecent,0.31622776601683794,13.096590932112152,False
100,4,3-noRecent,1.0,13.073573615132178,False
100,4,3-noRecent,3.1622776601683795,13.015925551834401,False
100,4,3-noRecent,10.0,12.88794196703906,False
100,4,3-noRecent,31.622776601683793,12.615309084492944,False
100,4,3-noRecent,100.0,12.105534001842182,False
100,4,3-noRecent,316.22776601683796,11.603627360134126,False
100,4,3-noRecent,1000.0,11.406663600105558,False
100,4,3-noRecent,3162.2776601683795,11.316651824543714,True
100,4,3-noRecent,10000.0,11.360330286654198,False
100,4,3-noRecent,31622.776601683792,11.379191532446603,False
100,4,3-noRecent,100000.0,11.38581182253133,False
100,4,3-cutoff24,0.01,11.278293273361443,False
100,4,3-cutoff24,0.03162277660168379,11.277473153230742,False
100,4,3-cutoff24,0.1,11.274919715595416,False
100,4,3-cutoff24,0.31622776601683794,11.267221188987598,False
100,4,3-cutoff24,1.0,11.246013015597066,False
100,4,3-cutoff24,3.1622776601683795,11.198438384405891,False
100,4,3-cutoff24,10.0,11.119119567808854,False
100,4,3-cutoff24,31.622776601683793,11.00573954397197,False
100,4,3-cutoff24,100.0,10.853471364153139,True
100,4,3-cutoff24,316.22776601683796,10.879422738533021,False
100,4,3-cutoff24,1000.0,11.0662662046337,False
100,4,3-cutoff24,3162.2776601683795,11.180105212119093,False
100,4,3-cutoff24,10000.0,11.29613812448496,False
100,4,3-cutoff24,31622.776601683792,11.358378352245609,False
100,4,3-cutoff24,100000.0,11.379175640856579,False
100,5,1,0.01,15.73460515551686,False
100,5,1,0.03162277660168379,15.733615070832824,False
100,5,1,0.1,15.730495311630598,False
100,5,1,0.31622776601683794,15.72073793665902,False
100,5,1,1.0,15.690867438218563,False
100,5,1,3.1622776601683795,15.604093500255757,False
100,5,1,10.0,15.37544977838904,False
100,5,1,31.622776601683793,14.861701412641244,False
100,5,1,100.0,14.10944050103741,False
100,5,1,316.22776601683796,13.42282284610936,False
100,5,1,1000.0,13.106492480201226,False
100,5,1,3162.2776601683795,12.962412881007504,False
100,5,1,10000.0,12.905987517845043,False
100,5,1,31622.776601683792,12.886534984422923,False
100,5,1,100000.0,12.88019476334617,True
100,5,2,0.01,13.777610752845616,False
100,5,2,0.03162277660168379,13.777441496266155,False
100,5,2,0.1,13.776905933941785,False
100,5,2,0.31622776601683794,13.775208183973517,False
100,5,2,1.0,13.769775156690551,False
100,5,2,3.1622776601683795,13.75159089194666,False
100,5,2,10.0,13.684492014248596,False
100,5,2,31.622776601683793,13.468371181456867,False
100,5,2,100.0,13.067716050621092,False
100,5,2,316.22776601683796,12.685913134581575,True
100,5,2,1000.0,12.703527625170203,False
100,5,2,3162.2776601683795,12.793931978638541,False
100,5,2,10000.0,12.84680681942605,False
100,5,2,31622.776601683792,12.867147781099668,False
100,5,2,100000.0,12.87399376076072,False
100,5,3,0.01,12.620929277148711,False
100,5,3,0.03162277660168379,12.620435767112793,False
100,5,3,0.1,12.618885482764298,False
100,5,3,0.31622776601683794,12.614081321756833,False
100,5,3,1.0,12.599738121565084,False
100,5,3,3.1622776601683795,12.560215583377934,False
100,5,3,10.0,12.462942601470097,False
100,5,3,31.622776601683793,12.290460284374328,False
100,5,3,100.0,12.213728742044223,False
100,5,3,316.22776601683796,12.160576470173355,True
100,5,3,1000.0,12.411740740216826,False
100,5,3,3162.2776601683795,12.69084384269586,False
100,5,3,10000.0,12.81307193071296,False
100,5,3,31622.776601683792,12.856377669450637,False
100,5,3,100000.0,12.870578495949289,False
100,5,3-noRecent,0.01,14.81966412063432,False
100,5,3-noRecent,0.03162277660168379,14.81920555199433,False
100,5,3-noRecent,0.1,14.817772614973267,False
100,5,3-noRecent,0.31622776601683794,14.813400691369083,False
100,5,3-noRecent,1.0,14.80084913191198,False
100,5,3-noRecent,3.1622776601683795,14.768031658160096,False
100,5,3-noRecent,10.0,14.679994820497134,False
100,5,3-noRecent,31.622776601683793,14.422474477058373,False
100,5,3-noRecent,100.0,13.848005260601965,False
100,5,3-noRecent,316.22776601683796,13.197364688117142,False
100,5,3-noRecent,1000.0,12.882129430506053,False
100,5,3-noRecent,3162.2776601683795,12.866817357609678,True
100,5,3-noRecent,10000.0,12.872505763168318,False
100,5,3-noRecent,31622.776601683792,12.875604634655788,False
100,5,3-noRecent,100000.0,12.876703876730422,False
100,5,3-cutoff24,0.01,12.913939327230926,False
100,5,3-cutoff24,0.03162277660168379,12.91337114939225,False
100,5,3-cutoff24,0.1,12.911585654878138,False
100,5,3-cutoff24,0.31622776601683794,12.906046681939722,False
100,5,3-cutoff24,1.0,12.889465611721528,False
100,5,3-cutoff24,3.1622776601683795,12.843588654284153,False
100,5,3-cutoff24,10.0,12.733334724661448,False
100,5,3-cutoff24,31.622776601683793,12.582222945432578,False
100,5,3-cutoff24,100.0,12.455216861554371,False
100,5,3-cutoff24,316.22776601683796,12.298695730353707,True
100,5,3-cutoff24,1000.0,12.482385793108817,False
100,5,3-cutoff24,3162.2776601683795,12.71668849261306,False
100,5,3-cutoff24,10000.0,12.821705497478938,False
100,5,3-cutoff24,31622.776601683792,12.85915935661697,False
100,5,3-cutoff24,100000.0,12.87146350139754,False
100,6,1,0.01,17.395981385054416,False
100,6,1,0.03162277660168379,17.39527123644206,False
100,6,1,0.1,17.393030367398207,False
100,6,1,0.31622776601683794,17.385991178682744,False
100,6,1,1.0,17.364169935909548,False
100,6,1,3.1622776601683795,17.29879233554265,False
100,6,1,10.0,17.116288232343724,False
100,6,1,31.622776601683793,16.67168994645351,False
100,6,1,100.0,15.853904984042854,False
100,6,1,316.22776601683796,14.906489963941546,False
100,6,1,1000.0,14.27543544655831,False
100,6,1,3162.2776601683795,13.999783000049286,False
100,6,1,10000.0,13.90843953445052,False
100,6,1,31622.776601683792,13.877833699233372,False
100,6,1,100000.0,13.867962582418356,True
100,6,2,0.01,14.246934056810753,False
100,6,2,0.03162277660168379,14.246903663384424,False
100,6,2,0.1,14.246803696937844,False
100,6,2,0.31622776601683794,14.246449420099017,False
100,6,2,1.0,14.24496073109797,False
100,6,2,3.1622776601683795,14.237024080370185,False
100,6,2,10.0,14.191659120919226,False
100,6,2,31.622776601683793,14.006434904040434,False
100,6,2,100.0,13.621389613426308,False
100,6,2,316.22776601683796,13.314299503988655,True
100,6,2,1000.0,13.407907300714653,False
100,6,2,3162.2776601683795,13.636454454449767,False
100,6,2,10000.0,13.780833071442238,False
100,6,2,31622.776601683792,13.836039938820173,False
100,6,2,100000.0,13.854595422442046,False
100,6,3,0.01,13.737479224328807,False
100,6,3,0.03162277660168379,13.736981243845834,False
100,6,3,0.1,13.735407392672732,False
100,6,3,0.31622776601683794,13.730441569030374,False
100,6,3,1.0,13.714898733061199,False
100,6,3,3.1622776601683795,13.675559458547967,False
100,6,3,10.0,13.583676878995291,False
100,6,3,31.622776601683793,13.382254672941988,False
100,6,3,100.0,13.075699389977364,False
100,6,3,316.22776601683796,12.994000560221437,True
100,6,3,1000.0,13.291390712613788,False
100,6,3,3162.2776601683795,13.596051525927807,False
100,6,3,10000.0,13.750316461943202,False
100,6,3,31622.776601683792,13.825987465857311,False
100,6,3,100000.0,13.851383241737638,False
100,6,3-noRecent,0.01,15.690473495099148,False
100,6,3-noRecent,0.03162277660168379,15.689307127718386,False
100,6,3-noRecent,0.1,15.685650692239761,False
100,6,3-noRecent,0.31622776601683794,15.674389754756382,False
100,6,3-noRecent,1.0,15.641332733464958,False
100,6,3-noRecent,3.1622776601683795,15.577949265890593,False
100,6,3-noRecent,10.0,15.465219824912914,False
100,6,3-noRecent,31.622776601683793,15.174476203572254,False
100,6,3-noRecent,100.0,14.60046264034167,False
100,6,3-noRecent,316.22776601683796,14.03701172905692,False
100,6,3-noRecent,1000.0,13.78041744416651,True
100,6,3-noRecent,3162.2776601683795,13.784546673036983,False
100,6,3-noRecent,10000.0,13.82124216324835,False
100,6,3-noRecent,31622.776601683792,13.84910308796284,False
100,6,3-noRecent,100000.0,13.858755518839615,False
100,6,3-cutoff24,0.01,13.954379329185976,False
100,6,3-cutoff24,0.03162277660168379,13.95349830367006,False
100,6,3-cutoff24,0.1,13.950729257671407,False
100,6,3-cutoff24,0.31622776601683794,13.944206218893973,False
100,6,3-cutoff24,1.0,13.931877415547184,False
100,6,3-cutoff24,3.1622776601683795,13.89602616180271,False
100,6,3-cutoff24,10.0,13.788042308634928,False
100,6,3-cutoff24,31.622776601683793,13.561623566266109,False
100,6,3-cutoff24,100.0,13.27766440482791,False
100,6,3-cutoff24,316.22776601683796,13.156377634679636,True
100,6,3-cutoff24,1000.0,13.359309307320745,False
100,6,3-cutoff24,3162.2776601683795,13.61966530230675,False
100,6,3-cutoff24,10000.0,13.758688916551185,False
100,6,3-cutoff24,31622.776601683792,13.828784266885528,False
100,6,3-cutoff24,100000.0,13.852273420335424,False
318,2,1,0.01,1.9958959138690053,False
318,2,1,0.03162277660168379,1.995783425301423,False
318,2,1,0.1,1.9954304594190182,False
318,2,1,0.31622776601683794,1.99434076464244,False
318,2,1,1.0,1.991130449137482,False
318,2,1,3.1622776601683795,1.982699378688749,False
318,2,1,10.0,1.9646153516355398,False
318,2,1,31.622776601683793,1.9331216055398555,False
318,2,1,100.0,1.896334634177191,False
318,2,1,316.22776601683796,1.890509046775242,True
318,2,1,1000.0,1.9635679808371238,False
318,2,1,3162.2776601683795,2.0508128823134513,False
318,2,1,10000.0,2.10886998582671,False
318,2,1,31622.776601683792,2.1308449233120528,False
318,2,1,100000.0,2.1382353088319723,False
318,2,2,0.01,2.103743711691299,False
318,2,2,0.03162277660168379,2.103478315228618,False
318,2,2,0.1,2.1026421251609153,False
318,2,2,0.31622776601683794,2.100028039408408,False
318,2,2,1.0,2.0929636116824133,False
318,2,2,3.1622776601683795,2.0791205100620656,False
318,2,2,10.0,2.054940424021243,False
318,2,2,31.622776601683793,2.0097966551476607,False
318,2,2,100.0,1.953367390320934,False
318,2,2,316.22776601683796,1.9102241662317665,True
318,2,2,1000.0,1.9601721319493681,False
318,2,2,3162.2776601683795,2.0555059904329105,False
318,2,2,10000.0,2.1106668063452507,False
318,2,2,31622.776601683792,2.1314532056732998,False
318,2,2,100000.0,2.13843201549143,False
318,2,3,0.01,1.7655773047110443,False
318,2,3,0.03162277660168379,1.7652699315803082,False
318,2,3,0.1,1.76430266996881,False
318,2,3,0.31622776601683794,1.7612899903236727,False
318,2,3,1.0,1.752187445625462,False
318,2,3,3.1622776601683795,1.7268214564442523,False
318,2,3,10.0,1.669785155614673,False
318,2,3,31.622776601683793,1.5853963976839138,False
318,2,3,100.0,1.5523841685462747,True
318,2,3,316.22776601683796,1.6148578349035434,False
318,2,3,1000.0,1.7755946260141373,False
318,2,3,3162.2776601683795,1.9538328093073734,False
318,2,3,10000.0,2.0709650696706525,False
318,2,3,31622.776601683792,2.1182350565644232,False
318,2,3,100000.0,2.13418101884772,False
318,2,3-noRecent,0.01,1.9468126160130945,False
318,2,3-noRecent,0.03162277660168379,1.946537696759008,False
318,2,3-noRecent,0.1,1.945673092877428,False
318,2,3-noRecent,0.31622776601683794,1.942985127287331,False
318,2,3-noRecent,1.0,1.934904768035594,False
318,2,3-noRecent,3.1622776601683795,1.9126304696293648,False
318,2,3-noRecent,10.0,1.861389181890937,False
318,2,3-noRecent,31.622776601683793,1.8105603495440235,False
318,2,3-noRecent,100.0,1.7524501265158678,False
318,2,3-noRecent,316.22776601683796,1.7221593476039148,True
318,2,3-noRecent,1000.0,1.8140924708054191,False
318,2,3-noRecent,3162.2776601683795,1.9708665285716815,False
318,2,3-noRecent,10000.0,2.077143405287665,False
318,2,3-noRecent,31622.776601683792,2.120249806860658,False
318,2,3-noRecent,100000.0,2.134824603943638,False
318,2,3-cutoff24,0.01,1.778302495016222,False
318,2,3-cutoff24,0.03162277660168379,1.778002128435358,False
318,2,3-cutoff24,0.1,1.7770578630444689,False
318,2,3-cutoff24,0.31622776601683794,1.7741257406253856,False
318,2,3-cutoff24,1.0,1.7653415218500255,False
318,2,3-cutoff24,3.1622776601683795,1.7413301034544306,False
318,2,3-cutoff24,10.0,1.6870341287920612,False
318,2,3-cutoff24,31.622776601683793,1.6044847788815542,False
318,2,3-cutoff24,100.0,1.5650882729740692,True
318,2,3-cutoff24,316.22776601683796,1.6275495947039686,False
318,2,3-cutoff24,1000.0,1.7784726652927165,False
318,2,3-cutoff24,3162.2776601683795,1.9549624778567818,False
318,2,3-cutoff24,10000.0,2.071395598475221,False
318,2,3-cutoff24,31622.776601683792,2.118375286962896,False
318,2,3-cutoff24,100000.0,2.134225793002289,False
318,3,1,0.01,2.6992274951067103,False
318,3,1,0.03162277660168379,2.6990942978202153,False
318,3,1,0.1,2.6986745320744028,False
318,3,1,0.31622776601683794,2.6973612368068096,False
318,3,1,1.0,2.6936154968313715,False
318,3,1,3.1622776601683795,2.683707685101337,False
318,3,1,10.0,2.6624202546519133,False
318,3,1,31.622776601683793,2.6300371446664808,False
318,3,1,100.0,2.5831691456593195,False
318,3,1,316.22776601683796,2.5732914963432303,True
318,3,1,1000.0,2.670509465902183,False
318,3,1,3162.2776601683795,2.813669670854621,False
318,3,1,10000.0,2.8990355809718094,False
318,3,1,31622.776601683792,2.931612781840022,False
318,3,1,100000.0,2.9425391035270327,False
318,3,2,0.01,2.905100859033746,False
318,3,2,0.03162277660168379,2.904789973713149,False
318,3,2,0.1,2.903809598252043,False
318,3,2,0.31622776601683794,2.9007363957172774,False
318,3,2,1.0,2.8912793109256385,False
318,3,2,3.1622776601683795,2.866379381982474,False
318,3,2,10.0,2.806659516388137,False
318,3,2,31.622776601683793,2.722073686340588,False
318,3,2,100.0,2.6630235525701673,False
318,3,2,316.22776601683796,2.6347068810509056,True
318,3,2,1000.0,2.696016320792543,False
318,3,2,3162.2776601683795,2.8202254227685617,False
318,3,2,10000.0,2.9014446296979552,False
318,3,2,31622.776601683792,2.932200928347141,False
318,3,2,100000.0,2.9427283505163166,False
318,3,3,0.01,2.564160640165167,False
318,3,3,0.03162277660168379,2.5636782141249674,False
318,3,3,0.1,2.56215779492685,False
318,3,3,0.31622776601683794,2.5574004309097327,False
318,3,3,1.0,2.542838023388908,False
318,3,3,3.1622776601683795,2.5027658448228443,False
318,3,3,10.0,2.4258670558776987,False
318,3,3,31.622776601683793,2.298594149557115,False
318,3,3,100.0,2.179966767355619,True
318,3,3,316.22776601683796,2.262764769169579,False
318,3,3,1000.0,2.4379109041658826,False
318,3,3,3162.2776601683795,2.6902990597917777,False
318,3,3,10000.0,2.8537678284895702,False
318,3,3,31622.776601683792,2.916544607821752,False
318,3,3,100000.0,2.9376934663406615,False
318,3,3-noRecent,0.01,2.7366830209489446,False
318,3,3-noRecent,0.03162277660168379,2.736241477665723,False
318,3,3-noRecent,0.1,2.734850020759127,False
318,3,3-noRecent,0.31622776601683794,2.730975015505195,False
318,3,3-noRecent,1.0,2.719495105721774,False
318,3,3-noRecent,3.1622776601683795,2.6867121565281677,False
318,3,3-noRecent,10.0,2.6087459651193865,False
318,3,3-noRecent,31.622776601683793,2.486609647682725,False
318,3,3-noRecent,100.0,2.4115418582394232,False
318,3,3-noRecent,316.22776601683796,2.390401938882745,True
318,3,3-noRecent,1000.0,2.4967504283767137,False
318,3,3-noRecent,3162.2776601683795,2.708707102716627,False
318,3,3-noRecent,10000.0,2.8602821417613344,False
318,3,3-noRecent,31622.776601683792,2.918660741765168,False
318,3,3-noRecent,100000.0,2.93836856663192,False
318,3,3-cutoff24,0.01,2.584061087075592,False
318,3,3-cutoff24,0.03162277660168379,2.58357835306853,False
318,3,3-cutoff24,0.1,2.582056953503144,False
318,3,3-cutoff24,0.31622776601683794,2.5772964456675784,False
318,3,3-cutoff24,1.0,2.5627241655498207,False
318,3,3-cutoff24,3.1622776601683795,2.52494258637257,False
318,3,3-cutoff24,10.0,2.4429346997298675,False
318,3,3-cutoff24,31.622776601683793,2.316529584241724,False
318,3,3-cutoff24,100.0,2.215738620259393,True
318,3,3-cutoff24,316.22776601683796,2.286496726679143,False
318,3,3-cutoff24,1000.0,2.445590168655795,False
318,3,3-cutoff24,3162.2776601683795,2.6943515611730002,False
318,3,3-cutoff24,10000.0,2.8551903420172127,False
318,3,3-cutoff24,31622.776601683792,2.91700426196738,False
318,3,3-cutoff24,100000.0,2.937839845191014,False
318,4,1,0.01,3.2676392544833686,False
318,4,1,0.03162277660168379,3.2676311255011257,False
318,4,1,0.1,3.2676046574317277,False
318,4,1,0.31622776601683794,3.267513418074253,False
318,4,1,1.0,3.2671523711276795,False
318,4,1,3.1622776601683795,3.269902265436181,False
318,4,1,10.0,3.2755145982485883,False
318,4,1,31.622776601683793,3.266664861990753,True
318,4,1,100.0,3.2691654517332154,False
318,4,1,316.22776601683796,3.3754644149778326,False
318,4,1,1000.0,3.536578008996253,False
318,4,1,3162.2776601683795,3.660435950073986,False
318,4,1,10000.0,3.7212415595318675,False
318,4,1,31622.776601683792,3.744056850850955,False
318,4,1,100000.0,3.751706285510491,False
318,4,2,0.01,3.743599471885178,False
318,4,2,0.03162277660168379,3.7433126077846492,False
318,4,2,0.1,3.7424093023162173,False
318,4,2,0.31622776601683794,3.739589877849722,False
318,4,2,1.0,3.731009098349959,False
318,4,2,3.1622776601683795,3.706454102990096,False
318,4,2,10.0,3.6563011606413727,False
318,4,2,31.622776601683793,3.5842222149391727,False
318,4,2,100.0,3.494391356976162,False
318,4,2,316.22776601683796,3.422970975751584,True
318,4,2,1000.0,3.528202687630125,False
318,4,2,3162.2776601683795,3.6564590062413505,False
318,4,2,10000.0,3.7200807053338782,False
318,4,2,31622.776601683792,3.743709851380352,False
318,4,2,100000.0,3.751599004123989,False
318,4,3,0.01,3.3356625625338387,False
318,4,3,0.03162277660168379,3.3350671364360926,False
318,4,3,0.1,3.333190455256513,False
318,4,3,0.31622776601683794,3.3273166001894943,False
318,4,3,1.0,3.309539574056077,False
318,4,3,3.1622776601683795,3.26190166228224,False
318,4,3,10.0,3.1428215385392613,False
318,4,3,31.622776601683793,2.976015472756846,False
318,4,3,100.0,2.8093437914679247,True
318,4,3,316.22776601683796,2.8775593925073655,False
318,4,3,1000.0,3.228681451932053,False
318,4,3,3162.2776601683795,3.514228865626805,False
318,4,3,10000.0,3.6683094520624824,False
318,4,3,31622.776601683792,3.7265128435179142,False
318,4,3,100000.0,3.7460725880998442,False
318,4,3-noRecent,0.01,3.5364226152747027,False
318,4,3-noRecent,0.03162277660168379,3.5357646184274487,False
318,4,3-noRecent,0.1,3.533696365350498,False
318,4,3-noRecent,0.31622776601683794,3.527276733791893,False
318,4,3-noRecent,1.0,3.512045579184955,False
318,4,3-noRecent,3.1622776601683795,3.4724832212765016,False
318,4,3-noRecent,10.0,3.382647691180669,False
318,4,3-noRecent,31.622776601683793,3.2403962706376874,False
318,4,3-noRecent,100.0,3.06668563139314,False
318,4,3-noRecent,316.22776601683796,3.061900573477569,True
318,4,3-noRecent,1000.0,3.2959581692278377,False
318,4,3-noRecent,3162.2776601683795,3.53873841515354,False
318,4,3-noRecent,10000.0,3.675717837761063,False
318,4,3-noRecent,31622.776601683792,3.7289188369105175,False
318,4,3-noRecent,100000.0,3.746840140548455,False
318,4,3-cutoff24,0.01,3.319204662724743,False
318,4,3-cutoff24,0.03162277660168379,3.318571603148147,False
318,4,3-cutoff24,0.1,3.3165781214951515,False
318,4,3-cutoff24,0.31622776601683794,3.310355979125138,False
318,4,3-cutoff24,1.0,3.291429183848674,False
318,4,3-cutoff24,3.1622776601683795,3.237548785038639,False
318,4,3-cutoff24,10.0,3.1185627457432417,False
318,4,3-cutoff24,31.622776601683793,2.9653321918268567,False
318,4,3-cutoff24,100.0,2.8291082232263745,True
318,4,3-cutoff24,316.22776601683796,2.906315599714235,False
318,4,3-cutoff24,1000.0,3.2434284920701377,False
318,4,3-cutoff24,3162.2776601683795,3.520161646937005,False
318,4,3-cutoff24,10000.0,3.670315614173743,False
318,4,3-cutoff24,31622.776601683792,3.7271620173495976,False
318,4,3-cutoff24,100000.0,3.7462794167420204,False
318,5,1,0.01,4.082759238859988,False
318,5,1,0.03162277660168379,4.082708611283096,False
318,5,1,0.1,4.082552412888804,False
318,5,1,0.31622776601683794,4.082094949444167,False
318,5,1,1.0,4.080946331869966,True
318,5,1,3.1622776601683795,4.086128764467544,False
318,5,1,10.0,4.100520014312337,False
318,5,1,31.622776601683793,4.112737940899818,False
318,5,1,100.0,4.1167175351088945,False
318,5,1,316.22776601683796,4.132408096361349,False
318,5,1,1000.0,4.204345748341678,False
318,5,1,3162.2776601683795,4.282557022005542,False
318,5,1,10000.0,4.321146446260234,False
318,5,1,31622.776601683792,4.336181647075705,False
318,5,1,100000.0,4.342128209492652,False
318,5,2,0.01,4.864910260921662,False
318,5,2,0.03162277660168379,4.864598190302953,False
318,5,2,0.1,4.863612881513869,False
318,5,2,0.31622776601683794,4.860775281060074,False
318,5,2,1.0,4.852534612406468,False
318,5,2,3.1622776601683795,4.826313934442636,False
318,5,2,10.0,4.756673993637004,False
318,5,2,31.622776601683793,4.590561467369311,False
318,5,2,100.0,4.349604062298888,False
318,5,2,316.22776601683796,4.17537629631517,True
318,5,2,1000.0,4.206103109884068,False
318,5,2,3162.2776601683795,4.282584157497369,False
318,5,2,10000.0,4.321217780513851,False
318,5,2,31622.776601683792,4.335653466487719,False
318,5,2,100000.0,4.341827865679505,False
318,5,3,0.01,4.3980223936601455,False
318,5,3,0.03162277660168379,4.3973430116345975,False
318,5,3,0.1,4.395198322252276,False
318,5,3,0.31622776601683794,4.388453527679408,False
318,5,3,1.0,4.367502448760797,False
318,5,3,3.1622776601683795,4.307514662037815,False
318,5,3,10.0,4.174966098132767,False
318,5,3,31.622776601683793,3.9194616413396095,False
318,5,3,100.0,3.616911087473517,False
318,5,3,316.22776601683796,3.579784915049643,True
318,5,3,1000.0,3.871031873982432,False
318,5,3,3162.2776601683795,4.131486561300341,False
318,5,3,10000.0,4.266047359425023,False
318,5,3,31622.776601683792,4.317527685257251,False
318,5,3,100000.0,4.336138267813626,False
318,5,3-noRecent,0.01,4.616721670293981,False
318,5,3-noRecent,0.03162277660168379,4.616205459960393,False
318,5,3-noRecent,0.1,4.614578714642122,False
318,5,3-noRecent,0.31622776601683794,4.609489289524078,False
318,5,3-noRecent,1.0,4.593894676538961,False
318,5,3-noRecent,3.1622776601683795,4.548799524400741,False
318,5,3-noRecent,10.0,4.431333411140865,False
318,5,3-noRecent,31.622776601683793,4.186434626572072,False
318,5,3-noRecent,100.0,3.86429433246151,False
318,5,3-noRecent,316.22776601683796,3.681490551169414,True
318,5,3-noRecent,1000.0,3.9107381483306667,False
318,5,3-noRecent,3162.2776601683795,4.146700539096562,False
318,5,3-noRecent,10000.0,4.271302863632381,False
318,5,3-noRecent,31622.776601683792,4.319737667344531,False
318,5,3-noRecent,100000.0,4.336843610872827,False
318,5,3-cutoff24,0.01,4.3942533669531905,False
318,5,3-cutoff24,0.03162277660168379,4.393568039822656,False
318,5,3-cutoff24,0.1,4.391406225893728,False
318,5,3-cutoff24,0.31622776601683794,4.3846228789801325,False
318,5,3-cutoff24,1.0,4.3636759390106326,False
318,5,3-cutoff24,3.1622776601683795,4.301874472807232,False
318,5,3-cutoff24,10.0,4.156414478057868,False
318,5,3-cutoff24,31.622776601683793,3.932170757999023,False
318,5,3-cutoff24,100.0,3.6322960873383874,False
318,5,3-cutoff24,316.22776601683796,3.601379458046681,True
318,5,3-cutoff24,1000.0,3.8803933295917408,False
318,5,3-cutoff24,3162.2776601683795,4.134994673752982,False
318,5,3-cutoff24,10000.0,4.267238060216916,False
318,5,3-cutoff24,31622.776601683792,4.318022961965162,False
318,5,3-cutoff24,100000.0,4.336296116721107,False
318,6,1,0.01,4.719219993956847,False
318,6,1,0.03162277660168379,4.7192336254925875,False
318,6,1,0.1,4.719276054119145,False
318,6,1,0.31622776601683794,4.71940357363786,False
318,6,1,1.0,4.719744184387439,False
318,6,1,3.1622776601683795,4.720297838706367,False
318,6,1,10.0,4.7188241547264065,False
318,6,1,31.622776601683793,4.710066884312302,False
318,6,1,100.0,4.681196576342967,False
318,6,1,316.22776601683796,4.668628852714787,True
318,6,1,1000.0,4.732873488156555,False
318,6,1,3162.2776601683795,4.807177313129633,False
318,6,1,10000.0,4.849558561928391,False
318,6,1,31622.776601683792,4.8675949680972215,False
318,6,1,100000.0,4.874124586761295,False
318,6,2,0.01,5.92306020623171,False
318,6,2,0.03162277660168379,5.9225809972104875,False
318,6,2,0.1,5.921066840747728,False
318,6,2,0.31622776601683794,5.9168160450474305,False
318,6,2,1.0,5.903917482901893,False
318,6,2,3.1622776601683795,5.86343229708777,False
318,6,2,10.0,5.743382799853556,False
318,6,2,31.622776601683793,5.45231119521035,False
318,6,2,100.0,5.120175069066263,False
318,6,2,316.22776601683796,4.826627529944598,False
318,6,2,1000.0,4.758363350497006,True
318,6,2,3162.2776601683795,4.808869817759802,False
318,6,2,10000.0,4.850158305611098,False
318,6,2,31622.776601683792,4.866396385236664,False
318,6,2,100000.0,4.873736389823697,False
318,6,3,0.01,5.317929170068194,False
318,6,3,0.03162277660168379,5.317144824020709,False
318,6,3,0.1,5.3146674605541815,False
318,6,3,0.31622776601683794,5.306863674463644,False
318,6,3,1.0,5.282507448993264,False
318,6,3,3.1622776601683795,5.2089311361884585,False
318,6,3,10.0,5.007781654159728,False
318,6,3,31.622776601683793,4.582997101928806,False
318,6,3,100.0,4.171665535515132,False
318,6,3,316.22776601683796,4.1292818640519195,True
318,6,3,1000.0,4.365575494884343,False
318,6,3,3162.2776601683795,4.624724441268298,False
318,6,3,10000.0,4.781711462850395,False
318,6,3,31622.776601683792,4.843520957406864,False
318,6,3,100000.0,4.866367151336385,False
318,6,3-noRecent,0.01,5.637371403419036,False
318,6,3-noRecent,0.03162277660168379,5.6369693034281445,False
318,6,3-noRecent,0.1,5.63569496858466,False
318,6,3-noRecent,0.31622776601683794,5.63163944987961,False
318,6,3-noRecent,1.0,5.618614288886264,False
318,6,3-noRecent,3.1622776601683795,5.5765649956913075,False
318,6,3-noRecent,10.0,5.447571176788479,False
318,6,3-noRecent,31.622776601683793,5.1241821576710604,False
318,6,3-noRecent,100.0,4.634789540403286,False
318,6,3-noRecent,316.22776601683796,4.317080853511123,True
318,6,3-noRecent,1000.0,4.442128951300448,False
318,6,3-noRecent,3162.2776601683795,4.652958637172664,False
318,6,3-noRecent,10000.0,4.791296134182659,False
318,6,3-noRecent,31622.776601683792,4.846740830686266,False
318,6,3-noRecent,100000.0,4.86740879856969,False
318,6,3-cutoff24,0.01,5.322307124778081,False
318,6,3-cutoff24,0.03162277660168379,5.321518345947691,False
318,6,3-cutoff24,0.1,5.319027473186822,False
318,6,3-cutoff24,0.31622776601683794,5.311185723878049,False
318,6,3-cutoff24,1.0,5.286748436078335,False
318,6,3-cutoff24,3.1622776601683795,5.213141426455585,False
318,6,3-cutoff24,10.0,5.012483784520186,False
318,6,3-cutoff24,31.622776601683793,4.6455754021542175,False
318,6,3-cutoff24,100.0,4.2003848719915835,False
318,6,3-cutoff24,316.22776601683796,4.158020282734183,True
318,6,3-cutoff24,1000.0,4.3782572481107795,False
318,6,3-cutoff24,3162.2776601683795,4.630026786607001,False
318,6,3-cutoff24,10000.0,4.78375616939964,False
318,6,3-cutoff24,31622.776601683792,4.844184529690899,False
318,6,3-cutoff24,100000.0,4.866529563164712,False
402,2,1,0.01,0.9244936037783428,False
402,2,1,0.03162277660168379,0.9243574175226797,False
402,2,1,0.1,0.9239288831446735,False
402,2,1,0.31622776601683794,0.922594608099475,False
402,2,1,1.0,0.9185728021782215,False
402,2,1,3.1622776601683795,0.9080706927876196,False
402,2,1,10.0,0.8903272378833921,False
402,2,1,31.622776601683793,0.8693400117111775,False
402,2,1,100.0,0.8520971422168412,True
402,2,1,316.22776601683796,0.8545382552621251,False
402,2,1,1000.0,0.8898991669550086,False
402,2,1,3162.2776601683795,0.9422654628085224,False
402,2,1,10000.0,0.9716049720464603,False
402,2,1,31622.776601683792,0.9840471408859002,False
402,2,1,100000.0,0.9886797096654382,False
402,2,2,0.01,0.9764263044620574,False
402,2,2,0.03162277660168379,0.9763597684142827,False
402,2,2,0.1,0.9761499884924558,False
402,2,2,0.31622776601683794,0.9754927702972945,False
402,2,2,1.0,0.9734732415206956,False
402,2,2,3.1622776601683795,0.9682920010248676,False
402,2,2,10.0,0.9577037958509828,False
402,2,2,31.622776601683793,0.9340902321592351,False
402,2,2,100.0,0.8839812808947864,False
402,2,2,316.22776601683796,0.858545119845358,True
402,2,2,1000.0,0.8770623330281434,False
402,2,2,3162.2776601683795,0.9244693140137383,False
402,2,2,10000.0,0.9642226308554732,False
402,2,2,31622.776601683792,0.9817162026945597,False
402,2,2,100000.0,0.9879288855131804,False
402,2,3,0.01,1.3246926821512353,False
402,2,3,0.03162277660168379,1.3244221783458263,False
402,2,3,0.1,1.3235710241985899,False
402,2,3,0.31622776601683794,1.320921038642439,False
402,2,3,1.0,1.312929406081511,False
402,2,3,3.1622776601683795,1.2915233004200504,False
402,2,3,10.0,1.2430304880318896,False
402,2,3,31.622776601683793,1.153058734180705,False
402,2,3,100.0,1.0140238791024667,False
402,2,3,316.22776601683796,0.8906968127331306,False
402,2,3,1000.0,0.8827824024335862,True
402,2,3,3162.2776601683795,0.9259620191175477,False
402,2,3,10000.0,0.9637444637841291,False
402,2,3,31622.776601683792,0.9817361275382773,False
402,2,3,100000.0,0.9879354990130836,False
402,2,3-noRecent,0.01,1.1812901988332298,False
402,2,3-noRecent,0.03162277660168379,1.1810022164689138,False
402,2,3-noRecent,0.1,1.180096001807483,False
402,2,3-noRecent,0.31622776601683794,1.1772739822197973,False
402,2,3-noRecent,1.0,1.1687583756801898,False
402,2,3-noRecent,3.1622776601683795,1.1451962898813917,False
402,2,3-noRecent,10.0,1.0992016772465225,False
402,2,3-noRecent,31.622776601683793,1.0316495313790621,False
402,2,3-noRecent,100.0,0.9416595547151204,False
402,2,3-noRecent,316.22776601683796,0.874695713320962,True
402,2,3-noRecent,1000.0,0.8816800796206156,False
402,2,3-noRecent,3162.2776601683795,0.9287616595208105,False
402,2,3-noRecent,10000.0,0.9663757621149202,False
402,2,3-noRecent,31622.776601683792,0.9824326108704176,False
402,2,3-noRecent,100000.0,0.9881563855364718,False
402,2,3-cutoff24,0.01,1.3070785485552423,False
402,2,3-cutoff24,0.03162277660168379,1.3068086824434368,False
402,2,3-cutoff24,0.1,1.3059597459193226,False
402,2,3-cutoff24,0.31622776601683794,1.3033186893569872,False
402,2,3-cutoff24,1.0,1.2953718041056075,False
402,2,3-cutoff24,3.1622776601683795,1.2735234010025134,False
402,2,3-cutoff24,10.0,1.2250424749190467,False
402,2,3-cutoff24,31.622776601683793,1.137440718731513,False
402,2,3-cutoff24,100.0,1.0036124890553892,False
402,2,3-cutoff24,316.22776601683796,0.8871854508563445,False
402,2,3-cutoff24,1000.0,0.8811765954993337,True
402,2,3-cutoff24,3162.2776601683795,0.9250957944328418,False
402,2,3-cutoff24,10000.0,0.963705703745605,False
402,2,3-cutoff24,31622.776601683792,0.9816998909007052,False
402,2,3-cutoff24,100000.0,0.9879238117455662,False
402,3,1,0.01,1.2868149132456954,False
402,3,1,0.03162277660168379,1.2866685051923796,False
402,3,1,0.1,1.286207510773932,False
402,3,1,0.31622776601683794,1.2847692507701434,False
402,3,1,1.0,1.2804059274989157,False
402,3,1,3.1622776601683795,1.26818129274338,False
402,3,1,10.0,1.245074155601168,False
402,3,1,31.622776601683793,1.2089802404095475,False
402,3,1,100.0,1.171338052554106,False
402,3,1,316.22776601683796,1.1456226931094011,True
402,3,1,1000.0,1.1592834958215157,False
402,3,1,3162.2776601683795,1.222907299486465,False
402,3,1,10000.0,1.2725531879644625,False
402,3,1,31622.776601683792,1.2918899613356496,False
402,3,1,100000.0,1.2990626486346502,False
402,3,2,0.01,1.329574192297153,False
402,3,2,0.03162277660168379,1.329499392152721,False
402,3,2,0.1,1.3292627490937259,False
402,3,2,0.31622776601683794,1.3285136004369977,False
402,3,2,1.0,1.3261750020598162,False
402,3,2,3.1622776601683795,1.3193038890152275,False
402,3,2,10.0,1.3019079670460352,False
402,3,2,31.622776601683793,1.267437187506869,False
402,3,2,100.0,1.2181329407047337,False
402,3,2,316.22776601683796,1.1613153725986687,False
402,3,2,1000.0,1.1539184575152526,True
402,3,2,3162.2776601683795,1.2191135220132037,False
402,3,2,10000.0,1.269762307530932,False
402,3,2,31622.776601683792,1.290905001244349,False
402,3,2,100000.0,1.2987076775588589,False
402,3,3,0.01,1.7448577701639383,False
402,3,3,0.03162277660168379,1.7446721281771502,False
402,3,3,0.1,1.7440878514785065,False
402,3,3,0.31622776601683794,1.7422672616905952,False
402,3,3,1.0,1.7367604026230197,False
402,3,3,3.1622776601683795,1.7213444985517208,False
402,3,3,10.0,1.6838383332119602,False
402,3,3,31.622776601683793,1.6012476062818264,False
402,3,3,100.0,1.4435197771651989,False
402,3,3,316.22776601683796,1.2185593972436448,False
402,3,3,1000.0,1.1439132051814178,True
402,3,3,3162.2776601683795,1.2125137648226751,False
402,3,3,10000.0,1.2664986776227891,False
402,3,3,31622.776601683792,1.2894575057841504,False
402,3,3,100000.0,1.2980623584975166,False
402,3,3-noRecent,0.01,1.7985098190028346,False
402,3,3-noRecent,0.03162277660168379,1.7982085607874876,False
402,3,3-noRecent,0.1,1.7972608205571297,False
402,3,3-noRecent,0.31622776601683794,1.7943117485010494,False
402,3,3-noRecent,1.0,1.7854287566785052,False
402,3,3-noRecent,3.1622776601683795,1.760876030380648,False
402,3,3-noRecent,10.0,1.7038037837168958,False
402,3,3-noRecent,31.622776601683793,1.5969296136103006,False
402,3,3-noRecent,100.0,1.4308140529021347,False
402,3,3-noRecent,316.22776601683796,1.233815109058473,False
402,3,3-noRecent,1000.0,1.1593254680354108,True
402,3,3-noRecent,3162.2776601683795,1.2176728078988872,False
402,3,3-noRecent,10000.0,1.2669822033699354,False
402,3,3-noRecent,31622.776601683792,1.2891128983069753,False
402,3,3-noRecent,100000.0,1.2979213893208157,False
402,3,3-cutoff24,0.01,1.7266013834209437,False
402,3,3-cutoff24,0.03162277660168379,1.726330783253471,False
402,3,3-cutoff24,0.1,1.7254792021121104,False
402,3,3-cutoff24,0.31622776601683794,1.722826635054056,False
402,3,3-cutoff24,1.0,1.7152013685128489,False
402,3,3-cutoff24,3.1622776601683795,1.6977071323050235,False
402,3,3-cutoff24,10.0,1.65997136331825,False
402,3,3-cutoff24,31.622776601683793,1.5867854888452406,False
402,3,3-cutoff24,100.0,1.438416535915289,False
402,3,3-cutoff24,316.22776601683796,1.2147698275119347,False
402,3,3-cutoff24,1000.0,1.142309137220855,True
402,3,3-cutoff24,3162.2776601683795,1.2125447034414774,False
402,3,3-cutoff24,10000.0,1.26650234956738,False
402,3,3-cutoff24,31622.776601683792,1.2893831598863006,False
402,3,3-cutoff24,100000.0,1.2980406041991406,False
402,4,1,0.01,1.4916238756845654,False
402,4,1,0.03162277660168379,1.4915402046639141,False
402,4,1,0.1,1.4912764525064566,False
402,4,1,0.31622776601683794,1.4904506697146378,False
402,4,1,1.0,1.4879186326312972,False
402,4,1,3.1622776601683795,1.480610525029573,False
402,4,1,10.0,1.462499831644372,False
402,4,1,31.622776601683793,1.4281244764037366,False
402,4,1,100.0,1.3940511747476674,False
402,4,1,316.22776601683796,1.3713195632237187,True
402,4,1,1000.0,1.406328818440793,False
402,4,1,3162.2776601683795,1.5064086923754816,False
402,4,1,10000.0,1.564127240488274,False
402,4,1,31622.776601683792,1.5872860521358838,False
402,4,1,100000.0,1.5954515781263525,False
402,4,2,0.01,1.6918871391368226,False
402,4,2,0.03162277660168379,1.6917160091107977,False
402,4,2,0.1,1.6911845022358032,False
402,4,2,0.31622776601683794,1.6895396071366993,False
402,4,2,1.0,1.684597444558321,False
402,4,2,3.1622776601683795,1.6723737949025137,False
402,4,2,10.0,1.645804226259884,False
402,4,2,31.622776601683793,1.5916680399647027,False
402,4,2,100.0,1.5038383451739323,False
402,4,2,316.22776601683796,1.3946409205586343,False
402,4,2,1000.0,1.3812579078302545,True
402,4,2,3162.2776601683795,1.4848997580498622,False
402,4,2,10000.0,1.5559055077996513,False
402,4,2,31622.776601683792,1.5847466413552815,False
402,4,2,100000.0,1.5946309772721687,False
402,4,3,0.01,2.1718045073055454,False
402,4,3,0.03162277660168379,2.1717317126683677,False
402,4,3,0.1,2.1715021158734333,False
402,4,3,0.31622776601683794,2.1707817656692767,False
402,4,3,1.0,2.168552290382371,False
402,4,3,3.1622776601683795,2.163156637477283,False
402,4,3,10.0,2.1509592755475966,False
402,4,3,31.622776601683793,2.0957564685615107,False
402,4,3,100.0,1.9199623363199605,False
402,4,3,316.22776601683796,1.6050334156856783,False
402,4,3,1000.0,1.3850308586093456,True
402,4,3,3162.2776601683795,1.4747448154897622,False
402,4,3,10000.0,1.5534594863823263,False
402,4,3,31622.776601683792,1.5840259301831552,False
402,4,3,100000.0,1.5943989847824478,False
402,4,3-noRecent,0.01,2.1704962040639555,False
402,4,3-noRecent,0.03162277660168379,2.1701868641944517,False
402,4,3-noRecent,0.1,2.1692133981841324,False
402,4,3-noRecent,0.31622776601683794,2.1661814674876183,False
402,4,3-noRecent,1.0,2.1570263692582174,False
402,4,3-noRecent,3.1622776601683795,2.131607449251558,False
402,4,3-noRecent,10.0,2.0812206181173454,False
402,4,3-noRecent,31.622776601683793,2.0052514828512664,False
402,4,3-noRecent,100.0,1.8586265935934323,False
402,4,3-noRecent,316.22776601683796,1.6184549150486705,False
402,4,3-noRecent,1000.0,1.4177329964474297,True
402,4,3-noRecent,3162.2776601683795,1.4789356025129894,False
402,4,3-noRecent,10000.0,1.5547007828802493,False
402,4,3-noRecent,31622.776601683792,1.584406090644002,False
402,4,3-noRecent,100000.0,1.594517802175325,False
402,4,3-cutoff24,0.01,2.148078921519555,False
402,4,3-cutoff24,0.03162277660168379,2.1479945981196416,False
402,4,3-cutoff24,0.1,2.147728867620055,False
402,4,3-cutoff24,0.31622776601683794,2.1468973615926417,False
402,4,3-cutoff24,1.0,2.144344142041643,False
402,4,3-cutoff24,3.1622776601683795,2.1367742114466632,False
402,4,3-cutoff24,10.0,2.1199461106141047,False
402,4,3-cutoff24,31.622776601683793,2.0673068935518866,False
402,4,3-cutoff24,100.0,1.9065508042595332,False
402,4,3-cutoff24,316.22776601683796,1.5970389689833127,False
402,4,3-cutoff24,1000.0,1.3846798127502964,True
402,4,3-cutoff24,3162.2776601683795,1.4739125046049797,False
402,4,3-cutoff24,10000.0,1.5531521951915626,False
402,4,3-cutoff24,31622.776601683792,1.5839233761587603,False
402,4,3-cutoff24,100000.0,1.5943659781929387,False
402,5,1,0.01,1.731524532620811,False
402,5,1,0.03162277660168379,1.7314565407491669,False
402,5,1,0.1,1.7312421641680846,False
402,5,1,0.31622776601683794,1.7305704829879949,False
402,5,1,1.0,1.7285061425755464,False
402,5,1,3.1622776601683795,1.722502725764017,False
402,5,1,10.0,1.7072441496561865,False
402,5,1,31.622776601683793,1.6767904610132425,False
402,5,1,100.0,1.6313746139227903,False
402,5,1,316.22776601683796,1.5983013230812968,True
402,5,1,1000.0,1.6391022352114526,False
402,5,1,3162.2776601683795,1.7479106058967397,False
402,5,1,10000.0,1.826321215509747,False
402,5,1,31622.776601683792,1.8592009678083892,False
402,5,1,100000.0,1.8707075710165206,False
402,5,2,0.01,2.0819458935032222,False
402,5,2,0.03162277660168379,2.0817127470177024,False
402,5,2,0.1,2.0809800772171148,False
402,5,2,0.31622776601683794,2.0787076857085127,False
402,5,2,1.0,2.0719238250751877,False
402,5,2,3.1622776601683795,2.053504370049556,False
402,5,2,10.0,2.016240987304173,False
402,5,2,31.622776601683793,1.9521387859840276,False
402,5,2,100.0,1.8261853888902306,False
402,5,2,316.22776601683796,1.6796210854474174,False
402,5,2,1000.0,1.617650131183969,True
402,5,2,3162.2776601683795,1.7254504140698064,False
402,5,2,10000.0,1.8167459390632956,False
402,5,2,31622.776601683792,1.855997745420433,False
402,5,2,100000.0,1.8694383890160224,False
402,5,3,0.01,2.722898266848233,False
402,5,3,0.03162277660168379,2.7227194826598073,False
402,5,3,0.1,2.7221560403215714,False
402,5,3,0.31622776601683794,2.720393087075255,False
402,5,3,1.0,2.71598691975178,False
402,5,3,3.1622776601683795,2.7037526698137255,False
402,5,3,10.0,2.675242877613203,False
402,5,3,31.622776601683793,2.604977213677886,False
402,5,3,100.0,2.394224770584961,False
402,5,3,316.22776601683796,1.9676279874104612,False
402,5,3,1000.0,1.6721731570218177,True
402,5,3,3162.2776601683795,1.7214623356811234,False
402,5,3,10000.0,1.8120602371955272,False
402,5,3,31622.776601683792,1.8542844532127243,False
402,5,3,100000.0,1.8690571391491844,False
402,5,3-noRecent,0.01,2.652822929132097,False
402,5,3-noRecent,0.03162277660168379,2.6523763198520824,False
402,5,3-noRecent,0.1,2.6509709416375165,False
402,5,3-noRecent,0.31622776601683794,2.6465944572398334,False
402,5,3-noRecent,1.0,2.6333871643738904,False
402,5,3-noRecent,3.1622776601683795,2.5968153933964957,False
402,5,3-noRecent,10.0,2.514898371540298,False
402,5,3-noRecent,31.622776601683793,2.4028671691638768,False
402,5,3-noRecent,100.0,2.2298117639104973,False
402,5,3-noRecent,316.22776601683796,1.9614283354845552,False
402,5,3-noRecent,1000.0,1.7135540135091123,True
402,5,3-noRecent,3162.2776601683795,1.731740218000855,False
402,5,3-noRecent,10000.0,1.8164514651023704,False
402,5,3-noRecent,31622.776601683792,1.8554191579456756,False
402,5,3-noRecent,100000.0,1.8693568557581735,False
402,5,3-cutoff24,0.01,2.682260541001183,False
402,5,3-cutoff24,0.03162277660168379,2.6821700356577423,False
402,5,3-cutoff24,0.1,2.681883982420933,False
402,5,3-cutoff24,0.31622776601683794,2.6809808640150936,False
402,5,3-cutoff24,1.0,2.6781383999663935,False
402,5,3-cutoff24,3.1622776601683795,2.669249669453962,False
402,5,3-cutoff24,10.0,2.650569950243778,False
402,5,3-cutoff24,31.622776601683793,2.5962966591675474,False
402,5,3-cutoff24,100.0,2.39214589453232,False
402,5,3-cutoff24,316.22776601683796,1.96495960702347,False
402,5,3-cutoff24,1000.0,1.6758114866296914,True
402,5,3-cutoff24,3162.2776601683795,1.7207893296014654,False
402,5,3-cutoff24,10000.0,1.8119984498313608,False
402,5,3-cutoff24,31622.776601683792,1.8542473277947913,False
402,5,3-cutoff24,100000.0,1.8690681533465414,False
402,6,1,0.01,2.0088955653397487,False
402,6,1,0.03162277660168379,2.008817889261318,False
402,6,1,0.1,2.0085729699110098,False
402,6,1,0.31622776601683794,2.007805495949656,False
402,6,1,1.0,2.0054455194652507,False
402,6,1,3.1622776601683795,1.9985647548102499,False
402,6,1,10.0,1.9808632477692008,False
402,6,1,31.622776601683793,1.9441831963549447,False
402,6,1,100.0,1.8876405982057844,False
402,6,1,316.22776601683796,1.850577040381246,True
402,6,1,1000.0,1.9331761845225832,False
402,6,1,3162.2776601683795,2.0673686786828367,False
402,6,1,10000.0,2.145050105118097,False
402,6,1,31622.776601683792,2.174868083256644,False
402,6,1,100000.0,2.184940661129484,False
402,6,2,0.01,2.485130837193294,False
402,6,2,0.03162277660168379,2.48480927658006,False
402,6,2,0.1,2.4837994839693183,False
402,6,2,0.31622776601683794,2.4806745289297574,False
402,6,2,1.0,2.4714071197609573,False
402,6,2,3.1622776601683795,2.4487649042516235,False
402,6,2,10.0,2.4080110120592275,False
402,6,2,31.622776601683793,2.3354406735262967,False
402,6,2,100.0,2.181110043037159,False
402,6,2,316.22776601683796,2.018982238947575,False
402,6,2,1000.0,1.9592414320731695,True
402,6,2,3162.2776601683795,2.0650969791503506,False
402,6,2,10000.0,2.136988589802361,False
402,6,2,31622.776601683792,2.172138641813895,False
402,6,2,100000.0,2.184057825976706,False
402,6,3,0.01,3.1863467364164566,False
402,6,3,0.03162277660168379,3.1860448304110256,False
402,6,3,0.1,3.1850938455116236,False
402,6,3,0.31622776601683794,3.1839059502632563,False
402,6,3,1.0,3.1803021790486032,False
402,6,3,3.1622776601683795,3.1689489439556855,False
402,6,3,10.0,3.1340908146922626,False
402,6,3,31.622776601683793,3.047535256606219,False
402,6,3,100.0,2.802790563149205,False
402,6,3,316.22776601683796,2.294861074224328,False
402,6,3,1000.0,1.9705964125912725,True
402,6,3,3162.2776601683795,2.0369327788709035,False
402,6,3,10000.0,2.1218543128279417,False
402,6,3,31622.776601683792,2.167098037128295,False
402,6,3,100000.0,2.1824365660117575,False
402,6,3-noRecent,0.01,3.118268169371309,False
402,6,3-noRecent,0.03162277660168379,3.117784804417701,False
402,6,3-noRecent,0.1,3.1162633180085817,False
402,6,3-noRecent,0.31622776601683794,3.11152100569276,False
402,6,3-noRecent,1.0,3.097172870447263,False
402,6,3-noRecent,3.1622776601683795,3.0571938970583,False
402,6,3-noRecent,10.0,2.9672225305499165,False
402,6,3-noRecent,31.622776601683793,2.806230909821233,False
402,6,3-noRecent,100.0,2.560496552389875,False
402,6,3-noRecent,316.22776601683796,2.1910151879876696,False
402,6,3-noRecent,1000.0,1.9975152644229848,True
402,6,3-noRecent,3162.2776601683795,2.04828021246206,False
402,6,3-noRecent,10000.0,2.1218454220060115,False
402,6,3-noRecent,31622.776601683792,2.1661580673424887,False
402,6,3-noRecent,100000.0,2.1821342799141683,False
402,6,3-cutoff24,0.01,3.138630672885632,False
402,6,3-cutoff24,0.03162277660168379,3.1382313967807147,False
402,6,3-cutoff24,0.1,3.1369751292955184,False
402,6,3-cutoff24,0.31622776601683794,3.13306443594201,False
402,6,3-cutoff24,1.0,3.121272193436798,False
402,6,3-cutoff24,3.1622776601683795,3.1030283821954328,False
402,6,3-cutoff24,10.0,3.0859465778492923,False
402,6,3-cutoff24,31.622776601683793,3.010957250357601,False
402,6,3-cutoff24,100.0,2.7828447338335387,False
402,6,3-cutoff24,316.22776601683796,2.2873206630072764,False
402,6,3-cutoff24,1000.0,1.9748224769442233,True
402,6,3-cutoff24,3162.2776601683795,2.037052684403537,False
402,6,3-cutoff24,10000.0,2.1210314217796182,False
402,6,3-cutoff24,31622.776601683792,2.1667500393366006,False
402,6,3-cutoff24,100000.0,2.182325430762449,False
