commodity_code,series,n,events,prevalence,alerts,TP,FP,FN,TN,precision,recall,F1
318,ridge/3,89,34,0.38202247191011235,24,13,11,21,44,0.5416666666666666,0.38235294117647056,0.4482758620689655
318,ridge/1,89,34,0.38202247191011235,18,9,9,25,46,0.5,0.2647058823529412,0.34615384615384615
318,no_change/none,89,34,0.38202247191011235,0,0,0,34,55,,0.0,0.0
318,always_alert,89,34,0.38202247191011235,89,34,55,0,0,0.38202247191011235,1.0,0.5528455284552846
402,ridge/3-cutoff24,89,29,0.3258426966292135,0,0,0,29,60,,0.0,0.0
402,ridge/3,89,29,0.3258426966292135,0,0,0,29,60,,0.0,0.0
402,ridge/1,89,29,0.3258426966292135,0,0,0,29,60,,0.0,0.0
402,no_change/none,89,29,0.3258426966292135,0,0,0,29,60,,0.0,0.0
402,always_alert,89,29,0.3258426966292135,89,29,60,0,0,0.3258426966292135,1.0,0.4915254237288136
100,ridge/3,89,20,0.2247191011235955,18,8,10,12,59,0.4444444444444444,0.4,0.42105263157894735
100,ridge/1,89,20,0.2247191011235955,0,0,0,20,69,,0.0,0.0
100,no_change/none,89,20,0.2247191011235955,0,0,0,20,69,,0.0,0.0
100,always_alert,89,20,0.2247191011235955,89,20,69,0,0,0.2247191011235955,1.0,0.3669724770642202
