comparison,commodity_code,horizon,model_1,model_2,MAE_1,MAE_2,n,mean_loss_diff,dm_hln,p_value,variance_method,family,p_holm,mae_change_pct
C1 ridge/3 vs ridge/1,318,3,ridge/3,ridge/1,6.367293200647273,6.389852844837104,89,-0.022559644189830027,-0.07368131423418622,0.9414311915821818,acf,main (Holm),1.0,-0.3530542054353991
C2 best(validation) vs no_change,318,3,ridge/3,no_change/none,6.367293200647273,6.475937002322056,89,-0.10864380167478216,-0.2566035550608766,0.7980837924587157,acf,main (Holm),1.0,-1.6776537763697696
C3 ridge/3 vs ridge/3-noRecent,318,3,ridge/3,ridge/3-noRecent,6.367293200647273,6.517472529736671,89,-0.15017932908939666,-1.1601603324913914,0.24912142214465058,acf,main (Holm),0.9964856885786023,-2.3042571856527028
C1 ridge/3 vs ridge/1,402,3,ridge/3,ridge/1,2.1988303022070843,2.055279274425421,89,0.14355102778166293,1.8427135394844825,0.06873796332197254,acf,main (Holm),0.3794888162410941,6.984502279953886
C2 best(validation) vs no_change,402,3,ridge/3-cutoff24,no_change/none,2.199320749166323,2.5408048653507183,89,-0.34148411618439545,-1.8812224288439554,0.06324813604018235,acf,main (Holm),0.3794888162410941,-13.439997728328457
C3 ridge/3 vs ridge/3-noRecent,402,3,ridge/3,ridge/3-noRecent,2.1988303022070843,2.2007856747510233,89,-0.0019553725439395353,-0.10035579731710159,0.9202901447542294,acf,main (Holm),1.0,-0.08884884004709548
C1 ridge/3 vs ridge/1,100,3,ridge/3,ridge/1,9.900345143431144,10.419331338530377,89,-0.5189861950992345,-0.6083619052677711,0.544514546198759,acf,sanity (exploratory),,-4.980993292535363
C2 best(validation) vs no_change,100,3,ridge/3,no_change/none,9.900345143431144,10.335477783134117,89,-0.4351326397029745,-0.4606987821803864,0.6461512322374392,acf,sanity (exploratory),,-4.210087320907807
C3 ridge/3 vs ridge/3-noRecent,100,3,ridge/3,ridge/3-noRecent,9.900345143431144,10.422934957534451,89,-0.5225898141033088,-0.6143071569049231,0.5405973681788342,acf,sanity (exploratory),,-5.013845104401637
