comparison,commodity_code,model_1,model_2,MAE_1,MAE_2,n,mean_loss_diff,dm_hln,p_value,variance_method,p_holm,p_value_main,p_holm_main
C1 ridge/3 vs ridge/1,318,ridge/3,ridge/1,6.486312272113098,6.502597524713241,87,-0.016285252600140597,-0.05205635113979488,0.9586045183539702,acf,1.0,0.9414311915821818,1.0
C2 best(validation) vs no_change,318,ridge/3,no_change/none,6.486312272113098,6.5938930011138455,87,-0.1075807290007452,-0.24825257628465347,0.8045308174034156,acf,1.0,0.7980837924587157,1.0
C3 ridge/3 vs ridge/3-noRecent,318,ridge/3,ridge/3-noRecent,6.486312272113098,6.6463653574179515,87,-0.16005308530485074,-1.2055458208901424,0.2312991851868829,acf,0.9251967407475316,0.24912142214465058,0.9964856885786023
C1 ridge/3 vs ridge/1,402,ridge/3,ridge/1,2.2423409122550204,2.0958011194275974,87,0.14653979282742288,1.8413777753347758,0.06901379829719509,acf,0.404038685086731,0.06873796332197254,0.3794888162410941
C2 best(validation) vs no_change,402,ridge/3-cutoff24,no_change/none,2.2428075605354754,2.5870943697273447,87,-0.34428680919186877,-1.852808127818188,0.06733978084778851,acf,0.404038685086731,0.06324813604018235,0.3794888162410941
C3 ridge/3 vs ridge/3-noRecent,402,ridge/3,ridge/3-noRecent,2.2423409122550204,2.2442206669901923,87,-0.0018797547351719103,-0.09427590891600914,0.9251092926427613,acf,1.0,0.9202901447542294,1.0
C1 ridge/3 vs ridge/1,100,ridge/3,ridge/1,10.056412742480816,10.505009206571238,87,-0.448596464090424,-0.5096175031560723,0.6116247431452886,acf,,0.544514546198759,
C2 best(validation) vs no_change,100,ridge/3,no_change/none,10.056412742480816,10.388390581208489,87,-0.33197783872767295,-0.3397039819970314,0.7349076975596244,acf,,0.6461512322374392,
C3 ridge/3 vs ridge/3-noRecent,100,ridge/3,ridge/3-noRecent,10.056412742480816,10.509106328062073,87,-0.4526935855812559,-0.5157348022445928,0.6073630033940755,acf,,0.5405973681788342,
