commodity_code,horizon,n,skill,p_value,passes,passes_main
100,2,89,0.19273159428307085,0.026554420231640435,True,True
100,3,87,0.03195661889418999,0.7349076975596244,False,False
100,4,85,-0.02475318046760555,0.7816362263945078,False,False
100,5,83,-0.03461032937930675,0.6647521373594767,False,False
100,6,81,-0.0192025362465591,0.8399613352710488,False,False
318,2,89,0.05138536182293518,0.4239533870003606,False,False
318,3,87,0.01631520696234756,0.8045308174034156,False,False
318,4,85,-0.004901222339760647,0.9521467936340305,False,False
318,5,83,-0.012126069756665192,0.8599529444736127,False,False
318,6,81,-0.03769775094069372,0.611648769811357,False,False
402,2,89,0.18618361075289547,0.019824920167547094,True,True
402,3,87,0.13307856613987912,0.06733978084778851,True,True
402,4,85,0.18543705991946824,0.05822653236458433,True,True
402,5,83,0.1902036824280483,0.07699384614867676,True,True
402,6,81,0.16766198897069462,0.14845603703404547,False,False
