comparison,commodity_code,horizon,model_1,model_2,MAE_1,MAE_2,n,mean_loss_diff,dm_hln,p_value,variance_method,skill,passes
RQ4a best vs no_change,100,2,ridge/3,no_change/none,6.300353816367216,7.877397669598549,90,-1.577043853231333,-2.344485451725175,0.021278611315043477,acf,0.20019858326026385,True
RQ4a best vs no_change,100,3,ridge/3,no_change/none,9.900345143431144,10.335477783134117,89,-0.4351326397029745,-0.4606987821803864,0.6461512322374392,acf,0.04210087320907807,False
RQ4a best vs no_change,100,4,ridge/3,no_change/none,12.68147675908372,12.246701275379047,88,0.4347754837046718,0.4031635145205539,0.6878170233757099,acf,-0.03550143617683821,False
RQ4a best vs no_change,100,5,ridge/3,no_change/none,14.327606262261446,13.640347371751597,87,0.6872588905098523,0.6329520700398393,0.5284444480845746,acf,-0.050384266014597445,False
RQ4a best vs no_change,100,6,ridge/3,no_change/none,15.91160739231314,15.348685352642027,86,0.5629220396711143,0.38595127000825397,0.700497081262303,acf,-0.036675586653694525,False
RQ4a best vs no_change,318,2,ridge/3,no_change/none,4.629965941689733,4.885913079031413,90,-0.2559471373416805,-0.8229737333638025,0.4127225956705611,acf,0.052384709511127725,False
RQ4a best vs no_change,318,3,ridge/3,no_change/none,6.367293200647273,6.475937002322056,89,-0.10864380167478216,-0.2566035550608766,0.7980837924587157,acf,0.016776537763697696,False
RQ4a best vs no_change,318,4,ridge/3,no_change/none,7.650830484100205,7.615136499024167,88,0.03569398507603754,0.05796426926718785,0.9539100167516562,acf,-0.0046872416641006165,False
RQ4a best vs no_change,318,5,ridge/3,no_change/none,8.651387232457397,8.478987927854577,87,0.17239930460282044,0.2932679170530948,0.7700238858898876,acf,-0.020332533324698643,False
RQ4a best vs no_change,318,6,ridge/3,no_change/none,10.10131114194338,9.598491958710836,86,0.5028191832325428,0.6985970570273606,0.48671088869373,acf,-0.0523852273248222,False
RQ4a best vs no_change,402,2,arima/none,no_change/none,1.4884904620064174,1.8212756406844866,90,-0.3327851786780685,-2.3270026837608158,0.022235002628514203,acf,0.18272092990438238,True
RQ4a best vs no_change,402,3,ridge/3-cutoff24,no_change/none,2.199320749166323,2.5408048653507183,89,-0.34148411618439545,-1.8812224288439554,0.06324813604018235,acf,0.13439997728328457,True
RQ4a best vs no_change,402,4,arima/none,no_change/none,2.688574493642734,3.2984666892047105,88,-0.6098921955619765,-1.9363076958778445,0.05607639409317287,acf,0.1849017295090608,True
RQ4a best vs no_change,402,5,arima/none,no_change/none,3.2483384502976267,3.9915987991292394,87,-0.7432603488316125,-1.7555791789852042,0.08272095997309555,acf,0.1862061760800594,True
RQ4a best vs no_change,402,6,arima/none,no_change/none,3.8410635320625017,4.617454954882433,86,-0.7763914228199317,-1.4672782911960613,0.1459908078441778,acf,0.16814271723408714,False
