commodity_code,horizon,n_test,val_MAE_3+commodity,val_MAE_ridge3,test_MAE_3+commodity,test_MAE_ridge3,test_MAE_no_change,change_vs_ridge3_pct,dm_vs_ridge3,p_vs_ridge3,variance_method_vs_ridge3,variance_method_vs_no_change,skill_vs_no_change,p_vs_no_change,skill_ridge3_vs_no_change,prespecified
318,2,90,1.5938293433183865,1.5523841685462747,4.152474985470823,4.629965941689733,4.885913079031413,-10.313055478862697,-4.674445170550443,1.0424047611005159e-05,acf,acf,0.15011280014543105,0.012063948613478502,0.052384709511127725,False
318,3,89,2.289660154606903,2.179966767355619,5.9470315097384185,6.367293200647273,6.475937002322056,-6.600319439760249,-2.327130206280732,0.02225410765818617,acf,acf,0.08167242707796418,0.13483567148076842,0.016776537763697696,True
318,4,88,2.8842518999614097,2.8093437914679256,7.355803915815107,7.650830484100205,7.615136499024167,-3.8561378257983336,-1.0934939932276502,0.27719545878616064,acf,acf,0.03405488309267879,0.6441032315419395,-0.0046872416641006165,False
318,5,87,3.585487469237543,3.5797849150496432,8.545830658757259,8.651387232457397,8.478987927854577,-1.2201115366113902,-0.4482491009798316,0.6551007096250601,acf,acf,-0.007883338373804616,0.9261568394143214,-0.020332533324698643,False
318,6,86,4.293653609856352,4.1292818640519195,9.839973226222119,10.10131114194338,9.598491958710836,-2.58716826012928,-0.9926912325834928,0.32367799493131466,acf,acf,-0.025158250749184985,0.7800135238131266,-0.0523852273248222,False
402,2,90,0.949698411025261,0.8827824024335861,1.5771275593926954,1.5890239107806943,1.8212756406844866,-0.7486577959770369,-0.46133065880590046,0.6456869007683207,acf,acf,0.13405333922987817,0.010922267643979416,0.12752146062663283,False
402,3,89,1.231157986260496,1.1439132051814174,2.1706160131785186,2.1988303022070843,2.5408048653507183,-1.283149909306125,-0.7061383064910662,0.4819674700347409,acf,acf,0.14569747453671567,0.03255802916927756,0.13459300547129172,True
402,4,88,1.4966229508082136,1.385030858609345,2.7881872084245263,2.8911927815501146,3.2984666892047105,-3.5627362444631494,-1.3369761360395458,0.18471590225864717,acf,acf,0.15470202638402786,0.04492619289399035,0.12347370643078803,False
402,5,87,1.6939688101136638,1.672173157021818,3.355387611827712,3.5039827281750906,3.9915987991292394,-4.24074910965011,-1.7660292067274472,0.08093977046424304,acf,acf,0.1593875585493001,0.07321560032234967,0.12216059165578497,False
402,6,86,1.9687823009523295,1.9705964125912727,3.96444743455592,4.121414115618097,4.617454954882433,-3.8085636788439126,-1.630871612100973,0.10661746339836112,acf,acf,0.1414215247808821,0.15596696510661684,0.10742732611605221,False
