commodity_code,horizon,alpha,validation_mae,selected
318,2,0.01,2.096575171734151,False
318,2,0.03162277660168379,2.0960669154163307,False
318,2,0.1,2.0944654456682743,False
318,2,0.31622776601683794,2.0894579356946883,False
318,2,1.0,2.074161643083198,False
318,2,3.1622776601683795,2.030436305551031,False
318,2,10.0,1.9329479348072878,False
318,2,31.622776601683793,1.8011923010515742,False
318,2,100.0,1.6375332699745868,False
318,2,316.22776601683796,1.5938293433183868,True
318,2,1000.0,1.7254285846674435,False
318,2,3162.2776601683795,1.9100943446606369,False
318,2,10000.0,2.045191925367752,False
318,2,31622.776601683792,2.1087750397369986,False
318,2,100000.0,2.1310393165119055,False
318,3,0.01,2.954575671391136,False
318,3,0.03162277660168379,2.954081933600735,False
318,3,0.1,2.952520029225337,False
318,3,0.31622776601683794,2.947577754778127,False
318,3,1.0,2.931984361034427,False
318,3,3.1622776601683795,2.8841950916324994,False
318,3,10.0,2.755218079005239,False
318,3,31.622776601683793,2.5513432323226826,False
318,3,100.0,2.367795368791133,False
318,3,316.22776601683796,2.2896601546069033,True
318,3,1000.0,2.3620825846877653,False
318,3,3162.2776601683795,2.614317817386817,False
318,3,10000.0,2.817889576211431,False
318,3,31622.776601683792,2.9035230464988966,False
318,3,100000.0,2.933384142584471,False
318,4,0.01,3.617864865470997,False
318,4,0.03162277660168379,3.6174358886960696,False
318,4,0.1,3.616076573472382,False
318,4,0.31622776601683794,3.611753600905059,False
318,4,1.0,3.5979254523895974,False
318,4,3.1622776601683795,3.5555085958980865,False
318,4,10.0,3.442512546475349,False
318,4,31.622776601683793,3.1990230514899003,False
318,4,100.0,2.903803439582337,False
318,4,316.22776601683796,2.8842518999614097,True
318,4,1000.0,3.155061873495217,False
318,4,3162.2776601683795,3.447948430013382,False
318,4,10000.0,3.635410812098241,False
318,4,31622.776601683792,3.714533614492323,False
318,4,100000.0,3.742104382054403,False
318,5,0.01,4.623861997875962,False
318,5,0.03162277660168379,4.623001004565665,False
318,5,0.1,4.620293425057431,False
318,5,0.31622776601683794,4.611875450531124,False
318,5,1.0,4.586513129120019,False
318,5,3.1622776601683795,4.515346163011858,False
318,5,10.0,4.3435995336970565,False
318,5,31.622776601683793,4.062144765773231,False
318,5,100.0,3.677060502193406,False
318,5,316.22776601683796,3.585487469237543,True
318,5,1000.0,3.81459296428673,False
318,5,3162.2776601683795,4.08368393429263,False
318,5,10000.0,4.243164683248673,False
318,5,31622.776601683792,4.308935524141171,False
318,5,100000.0,4.332861117458391,False
318,6,0.01,5.670155453721322,False
318,6,0.03162277660168379,5.66871707520217,False
318,6,0.1,5.664186855877279,False
318,6,0.31622776601683794,5.650041456700079,False
318,6,1.0,5.607753065757435,False
318,6,3.1622776601683795,5.504810543628454,False
318,6,10.0,5.25560918410221,False
318,6,31.622776601683793,4.897304189881827,False
318,6,100.0,4.452005157709242,False
318,6,316.22776601683796,4.29365360985635,True
318,6,1000.0,4.3561220935153875,False
318,6,3162.2776601683795,4.579631550688744,False
318,6,10000.0,4.756196219960494,False
318,6,31622.776601683792,4.835221142099876,False
318,6,100000.0,4.863592001511512,False
402,2,0.01,1.678287405331383,False
402,2,0.03162277660168379,1.6779939151543226,False
402,2,0.1,1.677067954908111,False
402,2,0.31622776601683794,1.67416119141902,False
402,2,1.0,1.665181777454537,False
402,2,3.1622776601683795,1.638794304237986,False
402,2,10.0,1.5712036414653718,False
402,2,31.622776601683793,1.4381036107499006,False
402,2,100.0,1.236703612333513,False
402,2,316.22776601683796,1.042001564983064,False
402,2,1000.0,0.9517995192182634,False
402,2,3162.2776601683795,0.9496984110252606,True
402,2,10000.0,0.9667597935019939,False
402,2,31622.776601683792,0.9820588993510238,False
402,2,100000.0,0.9879405630779821,False
402,3,0.01,2.2321499406238474,False
402,3,0.03162277660168379,2.231514187697841,False
402,3,0.1,2.2295225079751275,False
402,3,0.31622776601683794,2.2234022741470696,False
402,3,1.0,2.207233269006767,False
402,3,3.1622776601683795,2.166677796179781,False
402,3,10.0,2.0794709870775363,False
402,3,31.622776601683793,1.9461391280704552,False
402,3,100.0,1.7248102751363368,False
402,3,316.22776601683796,1.4516533144148924,False
402,3,1000.0,1.2424514799028044,False
402,3,3162.2776601683795,1.2311579862604958,True
402,3,10000.0,1.2675012185225676,False
402,3,31622.776601683792,1.2885724674864605,False
402,3,100000.0,1.2974878797848322,False
402,4,0.01,2.77049038267203,False
402,4,0.03162277660168379,2.770091856783102,False
402,4,0.1,2.7688374592347937,False
402,4,0.31622776601683794,2.7649272139655117,False
402,4,1.0,2.7530723880701284,False
402,4,3.1622776601683795,2.7196219606229968,False
402,4,10.0,2.6455444918067736,False
402,4,31.622776601683793,2.504153217438208,False
402,4,100.0,2.2599399712236266,False
402,4,316.22776601683796,1.9280696473960692,False
402,4,1000.0,1.5776843276837906,False
402,4,3162.2776601683795,1.4966229508082138,True
402,4,10000.0,1.5538065200507107,False
402,4,31622.776601683792,1.5829767635653493,False
402,4,100000.0,1.5940309392553502,False
402,5,0.01,3.345823183245816,False
402,5,0.03162277660168379,3.345359697551024,False
402,5,0.1,3.343902756638228,False
402,5,0.31622776601683794,3.339378572836786,False
402,5,1.0,3.3257925747145083,False
402,5,3.1622776601683795,3.287904429114228,False
402,5,10.0,3.195072753635707,False
402,5,31.622776601683793,3.0339603575998777,False
402,5,100.0,2.729616165811971,False
402,5,316.22776601683796,2.3209480146317305,False
402,5,1000.0,1.8179646129412168,False
402,5,3162.2776601683795,1.693968810113664,True
402,5,10000.0,1.7819480148541569,False
402,5,31622.776601683792,1.841578441739258,False
402,5,100000.0,1.8645795179573783,False
402,6,0.01,3.7916346221129884,False
402,6,0.03162277660168379,3.791009407399443,False
402,6,0.1,3.7890475033238453,False
402,6,0.31622776601683794,3.782987514256984,False
402,6,1.0,3.7650584608298487,False
402,6,3.1622776601683795,3.7187201324271655,False
402,6,10.0,3.6205084142863946,False
402,6,31.622776601683793,3.4361576035297947,False
402,6,100.0,3.060997717034303,False
402,6,316.22776601683796,2.5387926847478597,False
402,6,1000.0,2.0333551146029967,False
402,6,3162.2776601683795,1.968782300952329,True
402,6,10000.0,2.0695816772352402,False
402,6,31622.776601683792,2.1467137993662537,False
402,6,100000.0,2.175796770988495,False
