group,h,target_month,series,y_pred,mae_test,imi_t,index_pred,index_low,index_high,threshold,high_risk,skill_test,p_test,passes,train_n
318,2,2026-09-01,ridge/3,-4.326605373565557,4.629965941689733,95.1,91.07313962278678,86.95260989545814,95.38893393451619,2.2237785399715286,False,0.0523847095111277,0.4127225956705611,False,305
318,3,2026-10-01,ridge/3,-5.507745690006996,6.367293200647273,95.1,90.00376588767705,84.45159927781236,95.92095286811268,3.1781671857146425,False,0.0167765377636976,0.7980837924587157,False,304
318,4,2026-11-01,ridge/3,-7.361145456887787,7.650830484100205,95.1,88.3509997934078,81.84352643865792,95.37588987377394,4.212099059325425,False,-0.0046872416641006,0.9539100167516562,False,303
318,5,2026-12-01,ridge/3,-5.784757130897632,8.651387232457397,95.1,89.75479016376619,82.31616680839758,97.8656158284555,5.073779805385642,False,-0.0203325333246986,0.7700238858898876,False,302
318,6,2027-01-01,ridge/3,-5.925220115405443,10.10131114194338,95.1,89.62880640774895,81.01737655032724,99.15555501957674,5.931657715641947,False,-0.0523852273248222,0.48671088869373,False,301
402,2,2026-09-01,arima/none,-1.0203752787757203,1.4884904620064174,134.2,132.83761889639183,130.874986642775,134.8296832474762,2.1083964725994706,False,0.1827209299043823,0.0222350026285142,True,305
402,3,2026-10-01,ridge/3-cutoff24,-0.6352509521105147,2.199320749166323,134.2,133.3501952763432,130.44941244696693,136.315482351966,3.095271352738287,False,0.1343999772832845,0.0632481360401823,True,304
402,4,2026-11-01,arima/none,-1.7767881438237154,2.688574493642734,134.2,131.8366087151473,128.33930771544303,135.42921266217346,4.41257299600256,False,0.1849017295090608,0.0560763940931728,True,303
402,5,2026-12-01,arima/none,-2.119844948883731,3.2483384502976267,134.2,131.38510915018134,127.18584846944249,135.72301568245953,5.193342770477809,False,0.1862061760800594,0.0827209599730955,True,302
402,6,2027-01-01,arima/none,-2.3375832453459644,3.8410635320625017,134.2,131.09934467396457,126.15921959036909,136.23291448495144,6.203010342516979,False,0.1681427172340871,0.1459908078441778,False,301
