"commodity_code","horizon","model_1","model_2","dm_hln","p_value","r_dm","r_p"
"318",3,"ridge/3","ridge/1",-0.0736813142341862,0.941431191582182,-0.073681314234186,0.941431191582182
"318",3,"ridge/3","no_change/none",-0.256603555060877,0.798083792458716,-0.256603555060877,0.798083792458716
"318",3,"ridge/3","ridge/3-noRecent",-1.16016033249139,0.249121422144651,-1.16016033249139,0.249121422144651
"402",3,"ridge/3","ridge/1",1.84271353948448,0.0687379633219725,1.84271353948448,0.0687379633219724
"402",3,"ridge/3-cutoff24","no_change/none",-1.88122242884396,0.0632481360401824,-1.88122242884396,0.0632481360401823
"402",3,"ridge/3","ridge/3-noRecent",-0.100355797317102,0.920290144754229,-0.100355797317101,0.92029014475423
"100",3,"ridge/3","ridge/1",-0.608361905267771,0.544514546198759,-0.608361905267772,0.544514546198759
"100",3,"ridge/3","no_change/none",-0.460698782180386,0.646151232237439,-0.460698782180386,0.646151232237439
"100",3,"ridge/3","ridge/3-noRecent",-0.614307156904923,0.540597368178834,-0.614307156904923,0.540597368178834
"318",3,"ridge/3","ridge/3-cutoff24",-1.46152078840872,0.147434340919518,-1.46152078840872,0.147434340919518
"402",3,"ridge/3","ridge/3-cutoff24",-0.143299093114706,0.886381595293839,-0.143299093114703,0.886381595293841
"100",3,"ridge/3","ridge/3-cutoff24",-0.858947886944865,0.39270298110755,-0.858947886944864,0.39270298110755
"100",2,"ridge/3","no_change/none",-2.34448545172518,0.0212786113150435,-2.34448545172517,0.0212786113150435
"100",3,"ridge/3","no_change/none",-0.460698782180386,0.646151232237439,-0.460698782180386,0.646151232237439
"100",4,"ridge/3","no_change/none",0.403163514520554,0.68781702337571,0.403163514520554,0.68781702337571
"100",5,"ridge/3","no_change/none",0.632952070039839,0.528444448084575,0.63295207003984,0.528444448084574
"100",6,"ridge/3","no_change/none",0.385951270008254,0.700497081262303,0.385951270008254,0.700497081262303
"318",2,"ridge/3","no_change/none",-0.822973733363803,0.412722595670561,-0.822973733363803,0.412722595670561
"318",3,"ridge/3","no_change/none",-0.256603555060877,0.798083792458716,-0.256603555060877,0.798083792458716
"318",4,"ridge/3","no_change/none",0.0579642692671878,0.953910016751656,0.0579642692671876,0.953910016751656
"318",5,"ridge/3","no_change/none",0.293267917053095,0.770023885889888,0.293267917053095,0.770023885889887
"318",6,"ridge/3","no_change/none",0.698597057027361,0.48671088869373,0.698597057027361,0.48671088869373
"402",2,"arima/none","no_change/none",-2.32700268376082,0.0222350026285142,-2.32700268376082,0.0222350026285142
"402",3,"ridge/3-cutoff24","no_change/none",-1.88122242884396,0.0632481360401824,-1.88122242884396,0.0632481360401823
"402",4,"arima/none","no_change/none",-1.93630769587784,0.0560763940931729,-1.93630769587785,0.0560763940931727
"402",5,"arima/none","no_change/none",-1.7555791789852,0.0827209599730955,-1.7555791789852,0.0827209599730954
"402",6,"arima/none","no_change/none",-1.46727829119606,0.145990807844178,-1.46727829119606,0.145990807844178
