file,rows_before,rows_after,byte_identical,changed_columns,added_columns
02_brent_low_coverage_months.csv,3,3,True,,
02_data_quality.csv,3,3,True,,
02_external_monthly_coverage.csv,642,642,True,,
02_imi_code_coverage.csv,81,81,True,,
02_imi_group_statistics.csv,3,3,True,,
02_lag_correlations.csv,42,42,True,,
02_passthrough_cumulative.csv,39,39,True,,
02_passthrough_summary.csv,3,3,True,,
03_feature_sets.csv,5,5,True,,
03_leakage_audit.csv,8,8,True,,
03_leakage_audit_sample.csv,12,12,True,,
03_processed_manifest.csv,1,1,True,,
03_processed_row_counts.csv,15,15,True,,
04_arima_order_selection.csv,54,54,True,,
04_origins.csv,2040,2040,True,,
04_predictions.csv,28560,28560,True,,
04_ridge_alpha_selection.csv,1125,1125,True,,
04_run_manifest.csv,1,1,True,,
04_validation_mae.csv,210,210,True,,
05_alert_metrics.csv,13,13,False,F1,
05_best_model_by_validation.csv,15,15,True,,
05_dm_main_comparisons.csv,9,9,True,,
05_rq4_horizon_skill.csv,15,15,True,,
05_sensitivity_cutoff24.csv,3,3,True,,
05_test_metrics.csv,210,210,True,,
05b_alert_metrics.csv,4,4,False,F1,
05b_feature_sets.csv,2,2,True,,
05b_predictions.csv,4080,4080,True,,
05b_results.csv,10,10,False,,variance_method_vs_no_change|variance_method_vs_ridge3
05b_ridge_alpha_selection.csv,150,150,True,,
06_latest_forecasts.csv,10,10,True,,
