commodity_code,horizon,last_validation_target_available,first_test_origin,affected_test_origins,affected_base_months
100,2,2019-04-15,2019-03-15,1,2019-01
100,3,2019-05-15,2019-03-15,2,2019-01|2019-02
100,4,2019-06-15,2019-03-15,3,2019-01|2019-02|2019-03
100,5,2019-07-15,2019-03-15,4,2019-01|2019-02|2019-03|2019-04
100,6,2019-08-15,2019-03-15,5,2019-01|2019-02|2019-03|2019-04|2019-05
318,2,2019-04-15,2019-03-15,1,2019-01
318,3,2019-05-15,2019-03-15,2,2019-01|2019-02
318,4,2019-06-15,2019-03-15,3,2019-01|2019-02|2019-03
318,5,2019-07-15,2019-03-15,4,2019-01|2019-02|2019-03|2019-04
318,6,2019-08-15,2019-03-15,5,2019-01|2019-02|2019-03|2019-04|2019-05
402,2,2019-04-15,2019-03-15,1,2019-01
402,3,2019-05-15,2019-03-15,2,2019-01|2019-02
402,4,2019-06-15,2019-03-15,3,2019-01|2019-02|2019-03
402,5,2019-07-15,2019-03-15,4,2019-01|2019-02|2019-03|2019-04
402,6,2019-08-15,2019-03-15,5,2019-01|2019-02|2019-03|2019-04|2019-05
