reference_month,release_datetime,lag_days_after_month_end,news_code,title_th,url
2024-11-01,2025-01-04 15:30:00,35,2501-0000000002,ดัชนีราคาส่งออก และดัชนีราคานำเข้าของไทย เดือนพฤศจิกายน 2567 ยังคงขยายตัวได้ต่อเนื่อง แม้จะเผชิญกับสถานการณ์ความไม่แน่นอนของเศรษฐกิจโลก และการแข่งขันทางการค้า,https://www.tpso.go.th/news/2501-0000000002
2024-12-01,2025-01-28 15:30:00,28,2501-0000000017,ดัชนีราคาส่งออก และดัชนีราคานำเข้าของไทย เดือนธันวาคม 2567 และเฉลี่ยปี 2567 ปรับตัวสูงขึ้นตามความต้องการของตลาดโลกในหลายกลุ่มสินค้าและตลาดสำคัญที่ฟื้นตัวอย่างค่อยเป็นค่อยไป,https://www.tpso.go.th/news/2501-0000000017
2025-01-01,2025-02-27 15:30:00,27,2502-0000000039,ดัชนีราคาส่งออก และดัชนีราคานำเข้าของไทย เดือนมกราคม 2568 ปรับตัวสูงขึ้น ตามความต้องการของประเทศคู่ค้าที่ฟื้นตัวอย่างค่อยเป็นค่อยไป,https://www.tpso.go.th/news/2502-0000000039
2025-02-01,2025-03-27 15:30:00,27,2503-0000000017,ดัชนีราคาส่งออก และดัชนีราคานำเข้าของไทย เดือนกุมภาพันธ์ 2568 ปรับตัวสูงขึ้นตามความต้องการสินค้าส่งออกในหลายกลุ่มสินค้า และการนำเข้าสินค้าที่ขยายตัวต่อเนื่อง,https://www.tpso.go.th/news/2503-0000000017
2025-03-01,2025-04-30 15:30:00,30,2504-0000000014,ดัชนีราคาส่งออก และดัชนีราคานำเข้าของไทย เดือนมีนาคม 2568 ยังคงขยายตัว ตามความต้องการสินค้าอุตสาหกรรม และการนำเข้าสินค้าเพิ่มขึ้นเพื่อผลิตสำหรับส่งออก,https://www.tpso.go.th/news/2504-0000000014
2025-04-01,2025-05-29 15:30:00,29,2505-0000000013,ดัชนีราคาส่งออก และดัชนีราคานำเข้าของไทย เดือนเมษายน 2568 ยังคงขยายตัว ตามการเร่งส่งออกสินค้าอุตสาหกรรมต่อเนื่อง และการนำเข้าสินค้าเพิ่มขึ้นเพื่อผลิตสำหรับส่งออก,https://www.tpso.go.th/news/2505-0000000013
2025-05-01,2025-06-26 15:30:00,26,2506-0000000019,ดัชนีราคาส่งออก และดัชนีราคานำเข้าของไทย เดือนพฤษภาคม 2568 ขยายตัวเพิ่มขึ้นตามการเร่งส่งออกสินค้าอุตสาหกรรม และการนำเข้าสินค้าเพิ่มขึ้นเพื่อผลิตสำหรับส่งออก,https://www.tpso.go.th/news/2506-0000000019
2025-06-01,2025-07-29 15:30:00,29,2508-0000000002,ดัชนีราคาส่งออก และดัชนีราคานำเข้าของไทย เดือนมิถุนายน 2568 ขยายตัวเพิ่มขึ้นตามการเร่งนำเข้าสินค้าของคู่ค้าต่างประเทศ ก่อนการปรับขึ้นอัตราภาษีศุลกากรของสหรัฐฯ,https://www.tpso.go.th/news/2508-0000000002
2025-07-01,2025-08-28 15:30:00,28,2508-0000000021,ดัชนีราคาส่งออก และดัชนีราคานำเข้าของไทย เดือนกรกฎาคม 2568 ขยายตัวตามการเร่งสั่งซื้อสินค้าในช่วงโค้งสุดท้ายก่อนประกาศใช้มาตรการภาษีศุลกากรตอบโต้ของสหรัฐฯ,https://www.tpso.go.th/news/2508-0000000021
2025-08-01,2025-09-29 15:30:00,29,2509-0000000013,ดัชนีราคาส่งออก และดัชนีราคานำเข้าของไทย เดือนสิงหาคม 2568 ขยายตัวต่อเนื่อง สะท้อนความต้องการสินค้าไทยในตลาดโลกยังมีสัญญาณเป็นบวก แม้จะเผชิญกับปัจจัยกดดันหลายด้าน,https://www.tpso.go.th/news/2509-0000000013
2025-09-01,2025-10-28 15:30:00,28,2510-0000000008,ดัชนีราคาส่งออก และดัชนีราคานำเข้าของไทย เดือนกันยายน 2568 ขยายตัวต่อเนื่อง ตามความต้องการสินค้าที่เกี่ยวข้องกับเทคโนโลยี และต้นทุนสินค้าอิเล็กทรอนิกส์ที่เพิ่มขึ้น,https://www.tpso.go.th/news/2510-0000000008
2025-10-01,2025-11-27 15:30:00,27,2511-0000000009,ดัชนีราคาส่งออก และดัชนีราคานำเข้าของไทย เดือนตุลาคม 2568 ขยายตัวต่อเนื่อง ตามคำสั่งซื้อและต้นทุนที่เพิ่มขึ้นของสินค้าเครื่องใช้ไฟฟ้า และเครื่องอิเล็กทรอนิกส์,https://www.tpso.go.th/news/2511-0000000009
2025-11-01,2025-12-30 15:30:00,30,2601-0000000011,ดัชนีราคาส่งออก และดัชนีราคานำเข้าของไทย เดือนพฤศจิกายน 2568 ขยายตัวต่อเนื่องตามต้นทุนที่เพิ่มขึ้นของสินค้าที่เกี่ยวข้องกับเทคโนโลยี รวมถึงความตึงเครียดทางการค้าที่ผ่อนคลาย,https://www.tpso.go.th/news/2601-0000000011
2025-12-01,2026-01-29 15:30:00,29,2601-0000000020,ดัชนีราคาส่งออก และดัชนีราคานำเข้าของไทย เดือนธันวาคม 2568 ขยายตัวต่อเนื่องตามความต้องการสินค้าที่สูงในช่วงเทศกาลปลายปี และต้นทุนของสินค้าที่เกี่ยวข้องกับเทคโนโลยีที่เพิ่มขึ้น,https://www.tpso.go.th/news/2601-0000000020
2026-01-01,2026-03-06 15:30:00,34,2603-0000000003,ดัชนีราคาส่งออก และดัชนีราคานำเข้าของไทย เดือนมกราคม 2569 ขยายตัวต่อเนื่อง ตามอุปสงค์และต้นทุนสินค้าเทคโนโลยีที่เพิ่มขึ้น,https://www.tpso.go.th/news/2603-0000000003
2026-02-01,2026-04-03 15:30:00,34,2604-0000000001,ดัชนีราคาส่งออก และดัชนีราคานำเข้าของไทย เดือนกุมภาพันธ์ 2569 ขยายตัวต่อเนื่องตามกระแสการเติบโตของเทคโนโลยีสมัยใหม่ และกิจกรรมการผลิตที่ยังขยายตัว,https://www.tpso.go.th/news/2604-0000000001
2026-03-01,2026-05-09 15:30:00,39,2605-0000000003,ดัชนีราคาส่งออก และดัชนีราคานำเข้าของไทย เดือนมีนาคม 2569 ขยายตัวเร่งขึ้นจากวิกฤตในตะวันออกกลางที่เร่งต้นทุนพุ่งสูง รวมถึงอุปสงค์ในสินค้าอิเล็กทรอนิกส์ที่ยังมีต่อเนื่อง,https://www.tpso.go.th/news/2605-0000000003
2026-04-01,2026-06-10 15:30:00,41,2606-0000000002,ดัชนีราคาส่งออก-นำเข้าของไทย เดือนเมษายน 2569 ขยายตัวเร่งขึ้นจากต้นทุนพลังงานและอุปสงค์สินค้าไฮเทคที่เพิ่มขึ้น,https://www.tpso.go.th/news/2606-0000000002
2026-05-01,2026-07-03 15:30:00,33,2607-0000000002,ดัชนีราคาส่งออก-นำเข้าของไทย เดือนพฤษภาคม 2569 ขยายตัวต่อเนื่องจากแรงกดดันด้านต้นทุน และแรงหนุนของอุปสงค์โลก,https://www.tpso.go.th/news/2607-0000000002
2026-06-01,2026-08-10 15:30:00,41,2608-0000000004,ดัชนีราคาส่งออก-นำเข้าของไทย เดือนมิถุนายน 2569 ขยายตัวในอัตราชะลอลงจากแรงหนุนของภาคการผลิตโลก และการลงทุนด้าน AI,https://www.tpso.go.th/news/2608-0000000004
2026-07-01,2026-08-31 15:30:00,31,2608-0000000015,ดัชนีราคาส่งออก-นำเข้าของไทย เดือนกรกฎาคม 2569 ขยายตัวในอัตราชะลอลงจากแรงหนุนของพลังงาน ทองคำ และสินค้าเทคโนโลยี,https://www.tpso.go.th/news/2608-0000000015
