type,typeName,commodityCode,commodityNameTH,month,year,yearBase,index,change,changeYear,changeAVG,level,createdAt
CPA,Classification of Products by Activit,3105,ผลิตภัณฑ์นม,1,2558,2564,98.6,,,,3,2026-02-27T04:00:31.890916Z
CPA,Classification of Products by Activit,3201,เคมีภัณฑ์ขั้นมูลฐาน ปุ๋ยเคมีและสารประกอบไนโตรเจน พลาสติกและยางสังเคราะห์ขั้นต้น,1,2558,2564,96.9,,,,3,2026-02-27T04:00:31.890916Z
CPA,Classification of Products by Activit,3105,ผลิตภัณฑ์นม,2,2558,2564,98.8,0.2,,,3,2026-02-27T04:00:42.1038Z
CPA,Classification of Products by Activit,3201,เคมีภัณฑ์ขั้นมูลฐาน ปุ๋ยเคมีและสารประกอบไนโตรเจน พลาสติกและยางสังเคราะห์ขั้นต้น,2,2558,2564,93.2,-3.8,,,3,2026-02-27T04:00:42.1038Z
CPA,Classification of Products by Activit,3105,ผลิตภัณฑ์นม,3,2558,2564,98.8,0.0,,,3,2026-02-27T04:00:56.253506Z
CPA,Classification of Products by Activit,3201,เคมีภัณฑ์ขั้นมูลฐาน ปุ๋ยเคมีและสารประกอบไนโตรเจน พลาสติกและยางสังเคราะห์ขั้นต้น,3,2558,2564,93.8,0.6,,,3,2026-02-27T04:00:56.253506Z
CPA,Classification of Products by Activit,3105,ผลิตภัณฑ์นม,4,2558,2564,98.8,0.0,,,3,2026-02-27T04:01:14.685431Z
CPA,Classification of Products by Activit,3201,เคมีภัณฑ์ขั้นมูลฐาน ปุ๋ยเคมีและสารประกอบไนโตรเจน พลาสติกและยางสังเคราะห์ขั้นต้น,4,2558,2564,96.2,2.7,,,3,2026-02-27T04:01:14.685431Z
CPA,Classification of Products by Activit,3105,ผลิตภัณฑ์นม,5,2558,2564,98.8,0.1,,,3,2026-02-27T04:01:27.107375Z
CPA,Classification of Products by Activit,3201,เคมีภัณฑ์ขั้นมูลฐาน ปุ๋ยเคมีและสารประกอบไนโตรเจน พลาสติกและยางสังเคราะห์ขั้นต้น,5,2558,2564,98.5,2.3,,,3,2026-02-27T04:01:27.107375Z
CPA,Classification of Products by Activit,3105,ผลิตภัณฑ์นม,6,2558,2564,98.8,0.0,,,3,2026-02-27T04:01:38.646178Z
CPA,Classification of Products by Activit,3201,เคมีภัณฑ์ขั้นมูลฐาน ปุ๋ยเคมีและสารประกอบไนโตรเจน พลาสติกและยางสังเคราะห์ขั้นต้น,6,2558,2564,100.5,2.0,,,3,2026-02-27T04:01:38.646178Z
CPA,Classification of Products by Activit,3105,ผลิตภัณฑ์นม,7,2558,2564,98.8,0.0,,,3,2026-02-27T04:01:50.56918Z
CPA,Classification of Products by Activit,3201,เคมีภัณฑ์ขั้นมูลฐาน ปุ๋ยเคมีและสารประกอบไนโตรเจน พลาสติกและยางสังเคราะห์ขั้นต้น,7,2558,2564,99.6,-0.8,,,3,2026-02-27T04:01:50.56918Z
CPA,Classification of Products by Activit,3105,ผลิตภัณฑ์นม,8,2558,2564,99.0,0.1,,,3,2026-02-27T04:02:01.692663Z
CPA,Classification of Products by Activit,3201,เคมีภัณฑ์ขั้นมูลฐาน ปุ๋ยเคมีและสารประกอบไนโตรเจน พลาสติกและยางสังเคราะห์ขั้นต้น,8,2558,2564,98.1,-1.5,,,3,2026-02-27T04:02:01.692663Z
CPA,Classification of Products by Activit,3105,ผลิตภัณฑ์นม,9,2558,2564,99.0,0.0,,,3,2026-02-27T04:02:13.819839Z
CPA,Classification of Products by Activit,3201,เคมีภัณฑ์ขั้นมูลฐาน ปุ๋ยเคมีและสารประกอบไนโตรเจน พลาสติกและยางสังเคราะห์ขั้นต้น,9,2558,2564,95.9,-2.2,,,3,2026-02-27T04:02:13.819839Z
CPA,Classification of Products by Activit,3105,ผลิตภัณฑ์นม,10,2558,2564,99.0,0.0,,,3,2026-02-27T04:02:29.176668Z
CPA,Classification of Products by Activit,3201,เคมีภัณฑ์ขั้นมูลฐาน ปุ๋ยเคมีและสารประกอบไนโตรเจน พลาสติกและยางสังเคราะห์ขั้นต้น,10,2558,2564,94.8,-1.2,,,3,2026-02-27T04:02:29.176668Z
CPA,Classification of Products by Activit,3105,ผลิตภัณฑ์นม,11,2558,2564,98.9,-0.1,,,3,2026-02-27T04:02:40.816663Z
CPA,Classification of Products by Activit,3201,เคมีภัณฑ์ขั้นมูลฐาน ปุ๋ยเคมีและสารประกอบไนโตรเจน พลาสติกและยางสังเคราะห์ขั้นต้น,11,2558,2564,95.3,0.5,,,3,2026-02-27T04:02:40.816663Z
CPA,Classification of Products by Activit,3105,ผลิตภัณฑ์นม,12,2558,2564,99.2,0.4,,,3,2026-02-27T04:02:52.290617Z
CPA,Classification of Products by Activit,3201,เคมีภัณฑ์ขั้นมูลฐาน ปุ๋ยเคมีและสารประกอบไนโตรเจน พลาสติกและยางสังเคราะห์ขั้นต้น,12,2558,2564,94.8,-0.5,,,3,2026-02-27T04:02:52.290617Z
CPA,Classification of Products by Activit,3105,ผลิตภัณฑ์นม,1,2559,2564,99.2,0.0,0.7,0.7,3,2026-02-27T03:58:06.896189Z
CPA,Classification of Products by Activit,3201,เคมีภัณฑ์ขั้นมูลฐาน ปุ๋ยเคมีและสารประกอบไนโตรเจน พลาสติกและยางสังเคราะห์ขั้นต้น,1,2559,2564,93.3,-1.6,-3.7,-3.7,3,2026-02-27T03:58:06.896189Z
CPA,Classification of Products by Activit,3105,ผลิตภัณฑ์นม,2,2559,2564,99.2,0.0,0.5,0.6,3,2026-02-27T03:58:20.301593Z
CPA,Classification of Products by Activit,3201,เคมีภัณฑ์ขั้นมูลฐาน ปุ๋ยเคมีและสารประกอบไนโตรเจน พลาสติกและยางสังเคราะห์ขั้นต้น,2,2559,2564,92.4,-1.0,-0.9,-2.3,3,2026-02-27T03:58:20.301593Z
CPA,Classification of Products by Activit,3105,ผลิตภัณฑ์นม,3,2559,2564,99.2,0.0,0.5,0.6,3,2026-02-27T03:58:32.723858Z
CPA,Classification of Products by Activit,3201,เคมีภัณฑ์ขั้นมูลฐาน ปุ๋ยเคมีและสารประกอบไนโตรเจน พลาสติกและยางสังเคราะห์ขั้นต้น,3,2559,2564,92.5,0.2,-1.3,-2.0,3,2026-02-27T03:58:32.723858Z
CPA,Classification of Products by Activit,3105,ผลิตภัณฑ์นม,4,2559,2564,99.4,0.1,0.6,0.5,3,2026-02-27T03:58:44.739391Z
CPA,Classification of Products by Activit,3201,เคมีภัณฑ์ขั้นมูลฐาน ปุ๋ยเคมีและสารประกอบไนโตรเจน พลาสติกและยางสังเคราะห์ขั้นต้น,4,2559,2564,94.5,2.2,-1.8,-1.9,3,2026-02-27T03:58:44.739391Z
CPA,Classification of Products by Activit,3105,ผลิตภัณฑ์นม,5,2559,2564,99.4,0.0,0.5,0.5,3,2026-02-27T03:58:57.778788Z
CPA,Classification of Products by Activit,3201,เคมีภัณฑ์ขั้นมูลฐาน ปุ๋ยเคมีและสารประกอบไนโตรเจน พลาสติกและยางสังเคราะห์ขั้นต้น,5,2559,2564,95.1,0.6,-3.4,-2.2,3,2026-02-27T03:58:57.778788Z
CPA,Classification of Products by Activit,3105,ผลิตภัณฑ์นม,6,2559,2564,99.4,0.0,0.5,0.6,3,2026-02-27T03:59:09.040587Z
CPA,Classification of Products by Activit,3201,เคมีภัณฑ์ขั้นมูลฐาน ปุ๋ยเคมีและสารประกอบไนโตรเจน พลาสติกและยางสังเคราะห์ขั้นต้น,6,2559,2564,95.0,-0.1,-5.4,-2.8,3,2026-02-27T03:59:09.040587Z
CPA,Classification of Products by Activit,3105,ผลิตภัณฑ์นม,7,2559,2564,99.4,0.0,0.5,0.6,3,2026-02-27T03:59:20.650194Z
CPA,Classification of Products by Activit,3201,เคมีภัณฑ์ขั้นมูลฐาน ปุ๋ยเคมีและสารประกอบไนโตรเจน พลาสติกและยางสังเคราะห์ขั้นต้น,7,2559,2564,95.3,0.3,-4.4,-3.0,3,2026-02-27T03:59:20.650194Z
CPA,Classification of Products by Activit,3105,ผลิตภัณฑ์นม,8,2559,2564,99.4,0.0,0.4,0.6,3,2026-02-27T03:59:31.671295Z
CPA,Classification of Products by Activit,3201,เคมีภัณฑ์ขั้นมูลฐาน ปุ๋ยเคมีและสารประกอบไนโตรเจน พลาสติกและยางสังเคราะห์ขั้นต้น,8,2559,2564,94.5,-0.8,-3.6,-3.2,3,2026-02-27T03:59:31.671295Z
CPA,Classification of Products by Activit,3105,ผลิตภัณฑ์นม,9,2559,2564,99.4,0.0,0.4,0.5,3,2026-02-27T03:59:42.819719Z
CPA,Classification of Products by Activit,3201,เคมีภัณฑ์ขั้นมูลฐาน ปุ๋ยเคมีและสารประกอบไนโตรเจน พลาสติกและยางสังเคราะห์ขั้นต้น,9,2559,2564,94.5,-0.1,-1.6,-2.9,3,2026-02-27T03:59:42.819719Z
CPA,Classification of Products by Activit,3105,ผลิตภัณฑ์นม,10,2559,2564,99.4,0.0,0.4,0.5,3,2026-02-27T03:59:53.792481Z
CPA,Classification of Products by Activit,3201,เคมีภัณฑ์ขั้นมูลฐาน ปุ๋ยเคมีและสารประกอบไนโตรเจน พลาสติกและยางสังเคราะห์ขั้นต้น,10,2559,2564,94.7,0.2,-0.2,-2.7,3,2026-02-27T03:59:53.792481Z
CPA,Classification of Products by Activit,3105,ผลิตภัณฑ์นม,11,2559,2564,99.4,0.0,0.5,0.5,3,2026-02-27T04:00:05.107623Z
CPA,Classification of Products by Activit,3201,เคมีภัณฑ์ขั้นมูลฐาน ปุ๋ยเคมีและสารประกอบไนโตรเจน พลาสติกและยางสังเคราะห์ขั้นต้น,11,2559,2564,94.8,0.1,-0.6,-2.5,3,2026-02-27T04:00:05.107623Z
CPA,Classification of Products by Activit,3105,ผลิตภัณฑ์นม,12,2559,2564,99.4,0.0,0.1,0.5,3,2026-02-27T04:00:17.189006Z
CPA,Classification of Products by Activit,3201,เคมีภัณฑ์ขั้นมูลฐาน ปุ๋ยเคมีและสารประกอบไนโตรเจน พลาสติกและยางสังเคราะห์ขั้นต้น,12,2559,2564,95.4,0.7,0.6,-2.2,3,2026-02-27T04:00:17.189006Z
CPA,Classification of Products by Activit,3105,ผลิตภัณฑ์นม,1,2560,2564,99.4,0.0,0.1,0.1,3,2026-02-27T03:53:46.045127Z
CPA,Classification of Products by Activit,3201,เคมีภัณฑ์ขั้นมูลฐาน ปุ๋ยเคมีและสารประกอบไนโตรเจน พลาสติกและยางสังเคราะห์ขั้นต้น,1,2560,2564,96.9,1.5,3.8,3.8,3,2026-02-27T03:53:46.045127Z
CPA,Classification of Products by Activit,3105,ผลิตภัณฑ์นม,2,2560,2564,99.4,0.0,0.1,0.1,3,2026-02-27T03:53:59.173505Z
CPA,Classification of Products by Activit,3201,เคมีภัณฑ์ขั้นมูลฐาน ปุ๋ยเคมีและสารประกอบไนโตรเจน พลาสติกและยางสังเคราะห์ขั้นต้น,2,2560,2564,98.1,1.3,6.3,5.1,3,2026-02-27T03:53:59.173505Z
CPA,Classification of Products by Activit,3105,ผลิตภัณฑ์นม,3,2560,2564,99.4,0.0,0.1,0.1,3,2026-02-27T03:54:10.577272Z
CPA,Classification of Products by Activit,3201,เคมีภัณฑ์ขั้นมูลฐาน ปุ๋ยเคมีและสารประกอบไนโตรเจน พลาสติกและยางสังเคราะห์ขั้นต้น,3,2560,2564,100.4,2.4,8.6,6.2,3,2026-02-27T03:54:10.577272Z
CPA,Classification of Products by Activit,3105,ผลิตภัณฑ์นม,4,2560,2564,99.4,0.0,0.0,0.1,3,2026-02-27T03:54:22.021402Z
CPA,Classification of Products by Activit,3201,เคมีภัณฑ์ขั้นมูลฐาน ปุ๋ยเคมีและสารประกอบไนโตรเจน พลาสติกและยางสังเคราะห์ขั้นต้น,4,2560,2564,99.5,-0.9,5.3,6.0,3,2026-02-27T03:54:22.021402Z
CPA,Classification of Products by Activit,3105,ผลิตภัณฑ์นม,5,2560,2564,99.4,0.0,0.0,0.1,3,2026-02-27T03:56:20.025146Z
CPA,Classification of Products by Activit,3201,เคมีภัณฑ์ขั้นมูลฐาน ปุ๋ยเคมีและสารประกอบไนโตรเจน พลาสติกและยางสังเคราะห์ขั้นต้น,5,2560,2564,98.1,-1.5,3.1,5.4,3,2026-02-27T03:56:20.025146Z
CPA,Classification of Products by Activit,3105,ผลิตภัณฑ์นม,6,2560,2564,99.4,0.0,0.0,0.0,3,2026-02-27T03:56:31.804787Z
CPA,Classification of Products by Activit,3201,เคมีภัณฑ์ขั้นมูลฐาน ปุ๋ยเคมีและสารประกอบไนโตรเจน พลาสติกและยางสังเคราะห์ขั้นต้น,6,2560,2564,95.7,-2.5,0.7,4.6,3,2026-02-27T03:56:31.804787Z
CPA,Classification of Products by Activit,3105,ผลิตภัณฑ์นม,7,2560,2564,99.4,0.1,0.1,0.0,3,2026-02-27T03:56:43.551594Z
CPA,Classification of Products by Activit,3201,เคมีภัณฑ์ขั้นมูลฐาน ปุ๋ยเคมีและสารประกอบไนโตรเจน พลาสติกและยางสังเคราะห์ขั้นต้น,7,2560,2564,94.6,-1.1,-0.7,3.8,3,2026-02-27T03:56:43.551594Z
CPA,Classification of Products by Activit,3105,ผลิตภัณฑ์นม,8,2560,2564,99.4,0.0,0.1,0.0,3,2026-02-27T03:56:55.943619Z
CPA,Classification of Products by Activit,3201,เคมีภัณฑ์ขั้นมูลฐาน ปุ๋ยเคมีและสารประกอบไนโตรเจน พลาสติกและยางสังเคราะห์ขั้นต้น,8,2560,2564,94.3,-0.4,-0.3,3.4,3,2026-02-27T03:56:55.943619Z
CPA,Classification of Products by Activit,3105,ผลิตภัณฑ์นม,9,2560,2564,99.4,0.0,0.1,0.0,3,2026-02-27T03:57:08.655973Z
CPA,Classification of Products by Activit,3201,เคมีภัณฑ์ขั้นมูลฐาน ปุ๋ยเคมีและสารประกอบไนโตรเจน พลาสติกและยางสังเคราะห์ขั้นต้น,9,2560,2564,95.9,1.7,1.5,3.1,3,2026-02-27T03:57:08.655973Z
CPA,Classification of Products by Activit,3105,ผลิตภัณฑ์นม,10,2560,2564,99.5,0.0,0.1,0.0,3,2026-02-27T03:57:22.153381Z
CPA,Classification of Products by Activit,3201,เคมีภัณฑ์ขั้นมูลฐาน ปุ๋ยเคมีและสารประกอบไนโตรเจน พลาสติกและยางสังเคราะห์ขั้นต้น,10,2560,2564,97.1,1.2,2.5,3.1,3,2026-02-27T03:57:22.153381Z
CPA,Classification of Products by Activit,3105,ผลิตภัณฑ์นม,11,2560,2564,99.5,0.0,0.1,0.0,3,2026-02-27T03:57:35.150841Z
CPA,Classification of Products by Activit,3201,เคมีภัณฑ์ขั้นมูลฐาน ปุ๋ยเคมีและสารประกอบไนโตรเจน พลาสติกและยางสังเคราะห์ขั้นต้น,11,2560,2564,97.7,0.7,3.2,3.1,3,2026-02-27T03:57:35.150841Z
CPA,Classification of Products by Activit,3105,ผลิตภัณฑ์นม,12,2560,2564,99.5,0.0,0.1,0.1,3,2026-02-27T03:57:50.31329Z
CPA,Classification of Products by Activit,3201,เคมีภัณฑ์ขั้นมูลฐาน ปุ๋ยเคมีและสารประกอบไนโตรเจน พลาสติกและยางสังเคราะห์ขั้นต้น,12,2560,2564,97.7,-0.1,2.3,3.0,3,2026-02-27T03:57:50.31329Z
CPA,Classification of Products by Activit,3105,ผลิตภัณฑ์นม,1,2561,2564,99.5,0.0,0.1,0.1,3,2026-02-27T03:49:38.95437Z
CPA,Classification of Products by Activit,3201,เคมีภัณฑ์ขั้นมูลฐาน ปุ๋ยเคมีและสารประกอบไนโตรเจน พลาสติกและยางสังเคราะห์ขั้นต้น,1,2561,2564,98.9,1.3,2.1,2.1,3,2026-02-27T03:49:38.95437Z
CPA,Classification of Products by Activit,3105,ผลิตภัณฑ์นม,2,2561,2564,99.5,0.0,0.1,0.1,3,2026-02-27T03:50:00.709901Z
CPA,Classification of Products by Activit,3201,เคมีภัณฑ์ขั้นมูลฐาน ปุ๋ยเคมีและสารประกอบไนโตรเจน พลาสติกและยางสังเคราะห์ขั้นต้น,2,2561,2564,100.4,1.6,2.4,2.2,3,2026-02-27T03:50:00.709901Z
CPA,Classification of Products by Activit,3105,ผลิตภัณฑ์นม,3,2561,2564,99.5,0.0,0.1,0.1,3,2026-02-27T03:50:15.10274Z
CPA,Classification of Products by Activit,3201,เคมีภัณฑ์ขั้นมูลฐาน ปุ๋ยเคมีและสารประกอบไนโตรเจน พลาสติกและยางสังเคราะห์ขั้นต้น,3,2561,2564,100.5,0.0,0.0,1.5,3,2026-02-27T03:50:15.10274Z
CPA,Classification of Products by Activit,3105,ผลิตภัณฑ์นม,4,2561,2564,99.5,0.0,0.1,0.1,3,2026-02-27T03:50:34.062185Z
CPA,Classification of Products by Activit,3201,เคมีภัณฑ์ขั้นมูลฐาน ปุ๋ยเคมีและสารประกอบไนโตรเจน พลาสติกและยางสังเคราะห์ขั้นต้น,4,2561,2564,100.6,0.2,1.1,1.4,3,2026-02-27T03:50:34.062185Z
CPA,Classification of Products by Activit,3105,ผลิตภัณฑ์นม,5,2561,2564,99.5,0.0,0.1,0.1,3,2026-02-27T03:50:50.795749Z
CPA,Classification of Products by Activit,3201,เคมีภัณฑ์ขั้นมูลฐาน ปุ๋ยเคมีและสารประกอบไนโตรเจน พลาสติกและยางสังเคราะห์ขั้นต้น,5,2561,2564,100.3,-0.4,2.2,1.6,3,2026-02-27T03:50:50.795749Z
CPA,Classification of Products by Activit,3105,ผลิตภัณฑ์นม,6,2561,2564,99.5,0.0,0.1,0.1,3,2026-02-27T03:51:03.305533Z
CPA,Classification of Products by Activit,3201,เคมีภัณฑ์ขั้นมูลฐาน ปุ๋ยเคมีและสารประกอบไนโตรเจน พลาสติกและยางสังเคราะห์ขั้นต้น,6,2561,2564,100.6,0.4,5.1,2.2,3,2026-02-27T03:51:03.305533Z
CPA,Classification of Products by Activit,3105,ผลิตภัณฑ์นม,7,2561,2564,99.5,0.0,0.0,0.1,3,2026-02-27T03:51:15.831911Z
CPA,Classification of Products by Activit,3201,เคมีภัณฑ์ขั้นมูลฐาน ปุ๋ยเคมีและสารประกอบไนโตรเจน พลาสติกและยางสังเคราะห์ขั้นต้น,7,2561,2564,100.4,-0.2,6.1,2.7,3,2026-02-27T03:51:15.831911Z
CPA,Classification of Products by Activit,3105,ผลิตภัณฑ์นม,8,2561,2564,99.5,0.0,0.0,0.1,3,2026-02-27T03:51:40.688468Z
CPA,Classification of Products by Activit,3201,เคมีภัณฑ์ขั้นมูลฐาน ปุ๋ยเคมีและสารประกอบไนโตรเจน พลาสติกและยางสังเคราะห์ขั้นต้น,8,2561,2564,100.1,-0.3,6.2,3.1,3,2026-02-27T03:51:40.688468Z
CPA,Classification of Products by Activit,3105,ผลิตภัณฑ์นม,9,2561,2564,99.5,0.0,0.0,0.1,3,2026-02-27T03:51:54.81914Z
CPA,Classification of Products by Activit,3201,เคมีภัณฑ์ขั้นมูลฐาน ปุ๋ยเคมีและสารประกอบไนโตรเจน พลาสติกและยางสังเคราะห์ขั้นต้น,9,2561,2564,100.2,0.0,4.4,3.3,3,2026-02-27T03:51:54.81914Z
CPA,Classification of Products by Activit,3105,ผลิตภัณฑ์นม,10,2561,2564,99.5,0.0,0.0,0.1,3,2026-02-27T03:52:11.668472Z
CPA,Classification of Products by Activit,3201,เคมีภัณฑ์ขั้นมูลฐาน ปุ๋ยเคมีและสารประกอบไนโตรเจน พลาสติกและยางสังเคราะห์ขั้นต้น,10,2561,2564,99.5,-0.6,2.6,3.2,3,2026-02-27T03:52:11.668472Z
CPA,Classification of Products by Activit,3105,ผลิตภัณฑ์นม,11,2561,2564,99.5,0.0,0.0,0.1,3,2026-02-27T03:52:23.670345Z
CPA,Classification of Products by Activit,3201,เคมีภัณฑ์ขั้นมูลฐาน ปุ๋ยเคมีและสารประกอบไนโตรเจน พลาสติกและยางสังเคราะห์ขั้นต้น,11,2561,2564,98.8,-0.8,1.1,3.0,3,2026-02-27T03:52:23.670345Z
CPA,Classification of Products by Activit,3105,ผลิตภัณฑ์นม,12,2561,2564,99.5,0.0,0.0,0.0,3,2026-02-27T03:52:42.836067Z
CPA,Classification of Products by Activit,3201,เคมีภัณฑ์ขั้นมูลฐาน ปุ๋ยเคมีและสารประกอบไนโตรเจน พลาสติกและยางสังเคราะห์ขั้นต้น,12,2561,2564,95.7,-3.1,-2.0,2.6,3,2026-02-27T03:52:42.836067Z
CPA,Classification of Products by Activit,3105,ผลิตภัณฑ์นม,1,2562,2564,99.5,0.0,0.0,0.0,3,2026-02-27T03:45:07.341162Z
CPA,Classification of Products by Activit,3201,เคมีภัณฑ์ขั้นมูลฐาน ปุ๋ยเคมีและสารประกอบไนโตรเจน พลาสติกและยางสังเคราะห์ขั้นต้น,1,2562,2564,94.2,-1.5,-4.7,-4.7,3,2026-02-27T03:45:07.341162Z
CPA,Classification of Products by Activit,3105,ผลิตภัณฑ์นม,2,2562,2564,99.5,0.0,0.0,0.0,3,2026-02-27T03:46:52.550155Z
CPA,Classification of Products by Activit,3201,เคมีภัณฑ์ขั้นมูลฐาน ปุ๋ยเคมีและสารประกอบไนโตรเจน พลาสติกและยางสังเคราะห์ขั้นต้น,2,2562,2564,91.8,-2.6,-8.5,-6.6,3,2026-02-27T03:46:52.550155Z
CPA,Classification of Products by Activit,3105,ผลิตภัณฑ์นม,3,2562,2564,99.5,0.0,0.0,0.0,3,2026-02-27T03:47:11.558612Z
CPA,Classification of Products by Activit,3201,เคมีภัณฑ์ขั้นมูลฐาน ปุ๋ยเคมีและสารประกอบไนโตรเจน พลาสติกและยางสังเคราะห์ขั้นต้น,3,2562,2564,92.4,0.6,-8.0,-7.1,3,2026-02-27T03:47:11.558612Z
CPA,Classification of Products by Activit,3105,ผลิตภัณฑ์นม,4,2562,2564,99.5,0.0,0.0,0.0,3,2026-02-27T03:47:24.912164Z
CPA,Classification of Products by Activit,3201,เคมีภัณฑ์ขั้นมูลฐาน ปุ๋ยเคมีและสารประกอบไนโตรเจน พลาสติกและยางสังเคราะห์ขั้นต้น,4,2562,2564,92.5,0.1,-8.1,-7.3,3,2026-02-27T03:47:24.912164Z
CPA,Classification of Products by Activit,3105,ผลิตภัณฑ์นม,5,2562,2564,99.5,0.0,0.0,0.0,3,2026-02-27T03:47:36.464952Z
CPA,Classification of Products by Activit,3201,เคมีภัณฑ์ขั้นมูลฐาน ปุ๋ยเคมีและสารประกอบไนโตรเจน พลาสติกและยางสังเคราะห์ขั้นต้น,5,2562,2564,92.0,-0.5,-8.2,-7.5,3,2026-02-27T03:47:36.464952Z
CPA,Classification of Products by Activit,3105,ผลิตภัณฑ์นม,6,2562,2564,99.5,0.0,0.0,0.0,3,2026-02-27T03:47:52.042883Z
CPA,Classification of Products by Activit,3201,เคมีภัณฑ์ขั้นมูลฐาน ปุ๋ยเคมีและสารประกอบไนโตรเจน พลาสติกและยางสังเคราะห์ขั้นต้น,6,2562,2564,91.8,-0.3,-8.8,-7.7,3,2026-02-27T03:47:52.042883Z
CPA,Classification of Products by Activit,3105,ผลิตภัณฑ์นม,7,2562,2564,99.5,0.0,0.0,0.0,3,2026-02-27T03:48:06.292415Z
CPA,Classification of Products by Activit,3201,เคมีภัณฑ์ขั้นมูลฐาน ปุ๋ยเคมีและสารประกอบไนโตรเจน พลาสติกและยางสังเคราะห์ขั้นต้น,7,2562,2564,89.8,-2.1,-10.6,-8.1,3,2026-02-27T03:48:06.292415Z
CPA,Classification of Products by Activit,3105,ผลิตภัณฑ์นม,8,2562,2564,99.5,0.0,0.0,0.0,3,2026-02-27T03:48:21.197175Z
CPA,Classification of Products by Activit,3201,เคมีภัณฑ์ขั้นมูลฐาน ปุ๋ยเคมีและสารประกอบไนโตรเจน พลาสติกและยางสังเคราะห์ขั้นต้น,8,2562,2564,88.7,-1.2,-11.4,-8.6,3,2026-02-27T03:48:21.197175Z
CPA,Classification of Products by Activit,3105,ผลิตภัณฑ์นม,9,2562,2564,99.5,0.0,0.0,0.0,3,2026-02-27T03:48:34.329773Z
CPA,Classification of Products by Activit,3201,เคมีภัณฑ์ขั้นมูลฐาน ปุ๋ยเคมีและสารประกอบไนโตรเจน พลาสติกและยางสังเคราะห์ขั้นต้น,9,2562,2564,88.4,-0.3,-11.7,-8.9,3,2026-02-27T03:48:34.329773Z
CPA,Classification of Products by Activit,3105,ผลิตภัณฑ์นม,10,2562,2564,99.6,0.1,0.1,0.0,3,2026-02-27T03:48:47.772193Z
CPA,Classification of Products by Activit,3201,เคมีภัณฑ์ขั้นมูลฐาน ปุ๋ยเคมีและสารประกอบไนโตรเจน พลาสติกและยางสังเคราะห์ขั้นต้น,10,2562,2564,87.1,-1.5,-12.5,-9.2,3,2026-02-27T03:48:47.772193Z
CPA,Classification of Products by Activit,3105,ผลิตภัณฑ์นม,11,2562,2564,99.6,0.0,0.1,0.0,3,2026-02-27T03:49:02.3228Z
CPA,Classification of Products by Activit,3201,เคมีภัณฑ์ขั้นมูลฐาน ปุ๋ยเคมีและสารประกอบไนโตรเจน พลาสติกและยางสังเคราะห์ขั้นต้น,11,2562,2564,87.4,0.3,-11.5,-9.5,3,2026-02-27T03:49:02.3228Z
CPA,Classification of Products by Activit,3105,ผลิตภัณฑ์นม,12,2562,2564,99.6,0.0,0.1,0.0,3,2026-02-27T03:49:15.006778Z
CPA,Classification of Products by Activit,3201,เคมีภัณฑ์ขั้นมูลฐาน ปุ๋ยเคมีและสารประกอบไนโตรเจน พลาสติกและยางสังเคราะห์ขั้นต้น,12,2562,2564,85.9,-1.7,-10.2,-9.5,3,2026-02-27T03:49:15.006778Z
CPA,Classification of Products by Activit,3105,ผลิตภัณฑ์นม,1,2563,2564,99.6,0.0,0.1,0.1,3,2026-02-27T03:41:01.071436Z
CPA,Classification of Products by Activit,3201,เคมีภัณฑ์ขั้นมูลฐาน ปุ๋ยเคมีและสารประกอบไนโตรเจน พลาสติกและยางสังเคราะห์ขั้นต้น,1,2563,2564,84.2,-2.1,-10.7,-10.7,3,2026-02-27T03:41:01.071436Z
CPA,Classification of Products by Activit,3105,ผลิตภัณฑ์นม,2,2563,2564,99.6,0.0,0.1,0.1,3,2026-02-27T03:41:17.547886Z
CPA,Classification of Products by Activit,3201,เคมีภัณฑ์ขั้นมูลฐาน ปุ๋ยเคมีและสารประกอบไนโตรเจน พลาสติกและยางสังเคราะห์ขั้นต้น,2,2563,2564,86.4,2.8,-5.9,-8.4,3,2026-02-27T03:41:17.547886Z
CPA,Classification of Products by Activit,3105,ผลิตภัณฑ์นม,3,2563,2564,99.6,0.0,0.1,0.1,3,2026-02-27T03:41:36.559786Z
CPA,Classification of Products by Activit,3201,เคมีภัณฑ์ขั้นมูลฐาน ปุ๋ยเคมีและสารประกอบไนโตรเจน พลาสติกและยางสังเคราะห์ขั้นต้น,3,2563,2564,86.8,0.4,-6.1,-7.6,3,2026-02-27T03:41:36.559786Z
CPA,Classification of Products by Activit,3105,ผลิตภัณฑ์นม,4,2563,2564,99.6,0.0,0.1,0.1,3,2026-02-27T03:41:54.017205Z
CPA,Classification of Products by Activit,3201,เคมีภัณฑ์ขั้นมูลฐาน ปุ๋ยเคมีและสารประกอบไนโตรเจน พลาสติกและยางสังเคราะห์ขั้นต้น,4,2563,2564,84.2,-3.0,-9.0,-8.0,3,2026-02-27T03:41:54.017205Z
CPA,Classification of Products by Activit,3105,ผลิตภัณฑ์นม,5,2563,2564,99.6,0.0,0.1,0.1,3,2026-02-27T03:42:05.707328Z
CPA,Classification of Products by Activit,3201,เคมีภัณฑ์ขั้นมูลฐาน ปุ๋ยเคมีและสารประกอบไนโตรเจน พลาสติกและยางสังเคราะห์ขั้นต้น,5,2563,2564,80.3,-4.7,-12.8,-8.9,3,2026-02-27T03:42:05.707328Z
CPA,Classification of Products by Activit,3105,ผลิตภัณฑ์นม,6,2563,2564,99.6,0.0,0.1,0.1,3,2026-02-27T03:42:20.841573Z
CPA,Classification of Products by Activit,3201,เคมีภัณฑ์ขั้นมูลฐาน ปุ๋ยเคมีและสารประกอบไนโตรเจน พลาสติกและยางสังเคราะห์ขั้นต้น,6,2563,2564,80.2,0.0,-12.5,-9.5,3,2026-02-27T03:42:20.841573Z
CPA,Classification of Products by Activit,3105,ผลิตภัณฑ์นม,7,2563,2564,100.0,0.5,0.6,0.2,3,2026-02-27T03:42:33.813456Z
CPA,Classification of Products by Activit,3201,เคมีภัณฑ์ขั้นมูลฐาน ปุ๋ยเคมีและสารประกอบไนโตรเจน พลาสติกและยางสังเคราะห์ขั้นต้น,7,2563,2564,81.5,1.6,-9.2,-9.5,3,2026-02-27T03:42:33.813456Z
CPA,Classification of Products by Activit,3105,ผลิตภัณฑ์นม,8,2563,2564,100.0,0.0,0.6,0.2,3,2026-02-27T03:42:45.918683Z
CPA,Classification of Products by Activit,3201,เคมีภัณฑ์ขั้นมูลฐาน ปุ๋ยเคมีและสารประกอบไนโตรเจน พลาสติกและยางสังเคราะห์ขั้นต้น,8,2563,2564,82.6,1.3,-7.0,-9.2,3,2026-02-27T03:42:45.918683Z
CPA,Classification of Products by Activit,3105,ผลิตภัณฑ์นม,9,2563,2564,100.0,0.0,0.6,0.3,3,2026-02-27T03:43:53.447841Z
CPA,Classification of Products by Activit,3201,เคมีภัณฑ์ขั้นมูลฐาน ปุ๋ยเคมีและสารประกอบไนโตรเจน พลาสติกและยางสังเคราะห์ขั้นต้น,9,2563,2564,82.4,-0.2,-6.9,-9.0,3,2026-02-27T03:43:53.447841Z
CPA,Classification of Products by Activit,3105,ผลิตภัณฑ์นม,10,2563,2564,100.0,0.0,0.5,0.3,3,2026-02-27T03:44:12.19651Z
CPA,Classification of Products by Activit,3201,เคมีภัณฑ์ขั้นมูลฐาน ปุ๋ยเคมีและสารประกอบไนโตรเจน พลาสติกและยางสังเคราะห์ขั้นต้น,10,2563,2564,83.4,1.2,-4.3,-8.5,3,2026-02-27T03:44:12.19651Z
CPA,Classification of Products by Activit,3105,ผลิตภัณฑ์นม,11,2563,2564,100.0,0.0,0.5,0.3,3,2026-02-27T03:44:32.173763Z
CPA,Classification of Products by Activit,3201,เคมีภัณฑ์ขั้นมูลฐาน ปุ๋ยเคมีและสารประกอบไนโตรเจน พลาสติกและยางสังเคราะห์ขั้นต้น,11,2563,2564,85.8,3.0,-1.8,-7.9,3,2026-02-27T03:44:32.173763Z
CPA,Classification of Products by Activit,3105,ผลิตภัณฑ์นม,12,2563,2564,100.0,0.0,0.5,0.4,3,2026-02-27T03:44:44.345577Z
CPA,Classification of Products by Activit,3201,เคมีภัณฑ์ขั้นมูลฐาน ปุ๋ยเคมีและสารประกอบไนโตรเจน พลาสติกและยางสังเคราะห์ขั้นต้น,12,2563,2564,88.5,3.0,2.9,-7.1,3,2026-02-27T03:44:44.345577Z
CPA,Classification of Products by Activit,3105,ผลิตภัณฑ์นม,1,2564,2564,100.0,0.0,0.5,0.5,3,2026-02-27T03:32:53.31073Z
CPA,Classification of Products by Activit,3201,เคมีภัณฑ์ขั้นมูลฐาน ปุ๋ยเคมีและสารประกอบไนโตรเจน พลาสติกและยางสังเคราะห์ขั้นต้น,1,2564,2564,90.2,2.0,7.2,7.2,3,2026-02-27T03:32:53.31073Z
CPA,Classification of Products by Activit,3105,ผลิตภัณฑ์นม,2,2564,2564,100.0,0.0,0.5,0.5,3,2026-02-27T03:33:20.090638Z
CPA,Classification of Products by Activit,3201,เคมีภัณฑ์ขั้นมูลฐาน ปุ๋ยเคมีและสารประกอบไนโตรเจน พลาสติกและยางสังเคราะห์ขั้นต้น,2,2564,2564,90.9,0.7,5.1,6.2,3,2026-02-27T03:33:20.090638Z
CPA,Classification of Products by Activit,3105,ผลิตภัณฑ์นม,3,2564,2564,100.0,0.0,0.5,0.5,3,2026-02-27T03:34:04.688497Z
CPA,Classification of Products by Activit,3201,เคมีภัณฑ์ขั้นมูลฐาน ปุ๋ยเคมีและสารประกอบไนโตรเจน พลาสติกและยางสังเคราะห์ขั้นต้น,3,2564,2564,93.1,2.4,7.2,6.5,3,2026-02-27T03:34:04.688497Z
CPA,Classification of Products by Activit,3105,ผลิตภัณฑ์นม,4,2564,2564,100.0,-0.1,0.4,0.5,3,2026-02-27T03:34:37.589778Z
CPA,Classification of Products by Activit,3201,เคมีภัณฑ์ขั้นมูลฐาน ปุ๋ยเคมีและสารประกอบไนโตรเจน พลาสติกและยางสังเคราะห์ขั้นต้น,4,2564,2564,100.8,8.3,19.7,9.8,3,2026-02-27T03:34:37.589778Z
CPA,Classification of Products by Activit,3105,ผลิตภัณฑ์นม,5,2564,2564,100.0,0.0,0.4,0.5,3,2026-02-27T03:38:18.082572Z
CPA,Classification of Products by Activit,3201,เคมีภัณฑ์ขั้นมูลฐาน ปุ๋ยเคมีและสารประกอบไนโตรเจน พลาสติกและยางสังเคราะห์ขั้นต้น,5,2564,2564,101.7,1.0,26.8,12.9,3,2026-02-27T03:38:18.082572Z
CPA,Classification of Products by Activit,3105,ผลิตภัณฑ์นม,6,2564,2564,100.0,0.0,0.4,0.5,3,2026-02-27T03:38:44.196929Z
CPA,Classification of Products by Activit,3201,เคมีภัณฑ์ขั้นมูลฐาน ปุ๋ยเคมีและสารประกอบไนโตรเจน พลาสติกและยางสังเคราะห์ขั้นต้น,6,2564,2564,101.2,-0.6,26.1,15.1,3,2026-02-27T03:38:44.196929Z
CPA,Classification of Products by Activit,3105,ผลิตภัณฑ์นม,7,2564,2564,100.0,0.0,-0.1,0.3,3,2026-02-27T03:38:56.933354Z
CPA,Classification of Products by Activit,3201,เคมีภัณฑ์ขั้นมูลฐาน ปุ๋ยเคมีและสารประกอบไนโตรเจน พลาสติกและยางสังเคราะห์ขั้นต้น,7,2564,2564,98.0,-3.1,20.2,15.9,3,2026-02-27T03:38:56.933354Z
CPA,Classification of Products by Activit,3105,ผลิตภัณฑ์นม,8,2564,2564,100.0,0.0,-0.1,0.3,3,2026-02-27T03:39:11.320722Z
CPA,Classification of Products by Activit,3201,เคมีภัณฑ์ขั้นมูลฐาน ปุ๋ยเคมีและสารประกอบไนโตรเจน พลาสติกและยางสังเคราะห์ขั้นต้น,8,2564,2564,99.3,1.3,20.2,16.5,3,2026-02-27T03:39:11.320722Z
CPA,Classification of Products by Activit,3105,ผลิตภัณฑ์นม,9,2564,2564,100.0,0.0,-0.1,0.2,3,2026-02-27T03:39:23.450517Z
CPA,Classification of Products by Activit,3201,เคมีภัณฑ์ขั้นมูลฐาน ปุ๋ยเคมีและสารประกอบไนโตรเจน พลาสติกและยางสังเคราะห์ขั้นต้น,9,2564,2564,100.5,1.2,21.9,17.1,3,2026-02-27T03:39:23.450517Z
CPA,Classification of Products by Activit,3105,ผลิตภัณฑ์นม,10,2564,2564,100.0,0.0,-0.1,0.2,3,2026-02-27T03:39:36.718007Z
CPA,Classification of Products by Activit,3201,เคมีภัณฑ์ขั้นมูลฐาน ปุ๋ยเคมีและสารประกอบไนโตรเจน พลาสติกและยางสังเคราะห์ขั้นต้น,10,2564,2564,103.6,3.2,24.3,17.7,3,2026-02-27T03:39:36.718007Z
CPA,Classification of Products by Activit,3105,ผลิตภัณฑ์นม,11,2564,2564,100.0,0.0,-0.1,0.2,3,2026-02-27T03:40:13.854683Z
CPA,Classification of Products by Activit,3201,เคมีภัณฑ์ขั้นมูลฐาน ปุ๋ยเคมีและสารประกอบไนโตรเจน พลาสติกและยางสังเคราะห์ขั้นต้น,11,2564,2564,109.9,6.1,28.0,18.6,3,2026-02-27T03:40:13.854683Z
CPA,Classification of Products by Activit,3105,ผลิตภัณฑ์นม,12,2564,2564,100.0,0.0,-0.1,0.1,3,2026-02-27T03:40:26.487487Z
CPA,Classification of Products by Activit,3201,เคมีภัณฑ์ขั้นมูลฐาน ปุ๋ยเคมีและสารประกอบไนโตรเจน พลาสติกและยางสังเคราะห์ขั้นต้น,12,2564,2564,110.8,0.9,25.3,19.3,3,2026-02-27T03:40:26.487487Z
CPA,Classification of Products by Activit,3105,ผลิตภัณฑ์นม,1,2565,2564,100.0,0.0,-0.1,-0.1,3,2026-02-27T03:29:06.918482Z
CPA,Classification of Products by Activit,3201,เคมีภัณฑ์ขั้นมูลฐาน ปุ๋ยเคมีและสารประกอบไนโตรเจน พลาสติกและยางสังเคราะห์ขั้นต้น,1,2565,2564,107.9,-2.6,19.7,19.7,3,2026-02-27T03:29:06.918482Z
CPA,Classification of Products by Activit,3105,ผลิตภัณฑ์นม,2,2565,2564,100.0,0.0,-0.1,-0.1,3,2026-02-27T03:29:19.233808Z
CPA,Classification of Products by Activit,3201,เคมีภัณฑ์ขั้นมูลฐาน ปุ๋ยเคมีและสารประกอบไนโตรเจน พลาสติกและยางสังเคราะห์ขั้นต้น,2,2565,2564,107.6,-0.3,18.5,19.1,3,2026-02-27T03:29:19.233808Z
CPA,Classification of Products by Activit,3105,ผลิตภัณฑ์นม,3,2565,2564,100.4,0.4,0.3,0.0,3,2026-02-27T03:29:36.898558Z
CPA,Classification of Products by Activit,3201,เคมีภัณฑ์ขั้นมูลฐาน ปุ๋ยเคมีและสารประกอบไนโตรเจน พลาสติกและยางสังเคราะห์ขั้นต้น,3,2565,2564,111.8,3.9,20.1,19.4,3,2026-02-27T03:29:36.898558Z
CPA,Classification of Products by Activit,3105,ผลิตภัณฑ์นม,4,2565,2564,100.4,0.0,0.4,0.1,3,2026-02-27T03:29:49.771394Z
CPA,Classification of Products by Activit,3201,เคมีภัณฑ์ขั้นมูลฐาน ปุ๋ยเคมีและสารประกอบไนโตรเจน พลาสติกและยางสังเคราะห์ขั้นต้น,4,2565,2564,119.2,6.6,18.2,19.0,3,2026-02-27T03:29:49.771394Z
CPA,Classification of Products by Activit,3105,ผลิตภัณฑ์นม,5,2565,2564,100.4,0.0,0.4,0.1,3,2026-02-27T03:30:02.241755Z
CPA,Classification of Products by Activit,3201,เคมีภัณฑ์ขั้นมูลฐาน ปุ๋ยเคมีและสารประกอบไนโตรเจน พลาสติกและยางสังเคราะห์ขั้นต้น,5,2565,2564,119.4,0.2,17.3,18.7,3,2026-02-27T03:30:02.241755Z
CPA,Classification of Products by Activit,3105,ผลิตภัณฑ์นม,6,2565,2564,100.5,0.1,0.5,0.2,3,2026-02-27T03:30:14.353592Z
CPA,Classification of Products by Activit,3201,เคมีภัณฑ์ขั้นมูลฐาน ปุ๋ยเคมีและสารประกอบไนโตรเจน พลาสติกและยางสังเคราะห์ขั้นต้น,6,2565,2564,116.9,-2.1,15.5,18.1,3,2026-02-27T03:30:14.353592Z
CPA,Classification of Products by Activit,3105,ผลิตภัณฑ์นม,7,2565,2564,100.5,0.0,0.5,0.3,3,2026-02-27T03:30:26.326159Z
CPA,Classification of Products by Activit,3201,เคมีภัณฑ์ขั้นมูลฐาน ปุ๋ยเคมีและสารประกอบไนโตรเจน พลาสติกและยางสังเคราะห์ขั้นต้น,7,2565,2564,114.9,-1.7,17.2,18.0,3,2026-02-27T03:30:26.326159Z
CPA,Classification of Products by Activit,3105,ผลิตภัณฑ์นม,8,2565,2564,100.5,0.0,0.5,0.3,3,2026-02-27T03:30:38.36816Z
CPA,Classification of Products by Activit,3201,เคมีภัณฑ์ขั้นมูลฐาน ปุ๋ยเคมีและสารประกอบไนโตรเจน พลาสติกและยางสังเคราะห์ขั้นต้น,8,2565,2564,114.1,-0.7,15.0,17.6,3,2026-02-27T03:30:38.36816Z
CPA,Classification of Products by Activit,3105,ผลิตภัณฑ์นม,9,2565,2564,100.4,0.0,0.5,0.4,3,2026-02-27T03:31:52.347734Z
CPA,Classification of Products by Activit,3201,เคมีภัณฑ์ขั้นมูลฐาน ปุ๋ยเคมีและสารประกอบไนโตรเจน พลาสติกและยางสังเคราะห์ขั้นต้น,9,2565,2564,108.2,-5.2,7.8,16.5,3,2026-02-27T03:31:52.347734Z
CPA,Classification of Products by Activit,3105,ผลิตภัณฑ์นม,10,2565,2564,101.6,1.1,1.6,0.5,3,2026-02-27T03:32:04.814402Z
CPA,Classification of Products by Activit,3201,เคมีภัณฑ์ขั้นมูลฐาน ปุ๋ยเคมีและสารประกอบไนโตรเจน พลาสติกและยางสังเคราะห์ขั้นต้น,10,2565,2564,108.9,0.6,5.1,15.3,3,2026-02-27T03:32:04.814402Z
CPA,Classification of Products by Activit,3105,ผลิตภัณฑ์นม,11,2565,2564,102.3,0.7,2.3,0.6,3,2026-02-27T03:32:20.565969Z
CPA,Classification of Products by Activit,3201,เคมีภัณฑ์ขั้นมูลฐาน ปุ๋ยเคมีและสารประกอบไนโตรเจน พลาสติกและยางสังเคราะห์ขั้นต้น,11,2565,2564,109.5,0.5,-0.4,13.7,3,2026-02-27T03:32:20.565969Z
CPA,Classification of Products by Activit,3105,ผลิตภัณฑ์นม,12,2565,2564,102.3,0.1,2.4,0.8,3,2026-02-27T03:32:33.576758Z
CPA,Classification of Products by Activit,3201,เคมีภัณฑ์ขั้นมูลฐาน ปุ๋ยเคมีและสารประกอบไนโตรเจน พลาสติกและยางสังเคราะห์ขั้นต้น,12,2565,2564,106.4,-2.8,-4.0,12.1,3,2026-02-27T03:32:33.576758Z
CPA,Classification of Products by Activit,3105,ผลิตภัณฑ์นม,1,2566,2564,102.3,0.0,2.4,2.4,3,2026-02-27T03:25:49.566542Z
CPA,Classification of Products by Activit,3201,เคมีภัณฑ์ขั้นมูลฐาน ปุ๋ยเคมีและสารประกอบไนโตรเจน พลาสติกและยางสังเคราะห์ขั้นต้น,1,2566,2564,103.5,-2.7,-4.1,-4.1,3,2026-02-27T03:25:49.566542Z
CPA,Classification of Products by Activit,3105,ผลิตภัณฑ์นม,2,2566,2564,102.3,0.0,2.4,2.4,3,2026-02-27T03:26:27.369174Z
CPA,Classification of Products by Activit,3201,เคมีภัณฑ์ขั้นมูลฐาน ปุ๋ยเคมีและสารประกอบไนโตรเจน พลาสติกและยางสังเคราะห์ขั้นต้น,2,2566,2564,102.7,-0.7,-4.6,-4.4,3,2026-02-27T03:26:27.369174Z
CPA,Classification of Products by Activit,3105,ผลิตภัณฑ์นม,3,2566,2564,102.3,0.0,2.0,2.3,3,2026-02-27T03:26:50.202342Z
CPA,Classification of Products by Activit,3201,เคมีภัณฑ์ขั้นมูลฐาน ปุ๋ยเคมีและสารประกอบไนโตรเจน พลาสติกและยางสังเคราะห์ขั้นต้น,3,2566,2564,104.7,1.9,-6.4,-5.0,3,2026-02-27T03:26:50.202342Z
CPA,Classification of Products by Activit,3105,ผลิตภัณฑ์นม,4,2566,2564,103.8,1.4,3.4,2.6,3,2026-02-27T03:27:03.566583Z
CPA,Classification of Products by Activit,3201,เคมีภัณฑ์ขั้นมูลฐาน ปุ๋ยเคมีและสารประกอบไนโตรเจน พลาสติกและยางสังเคราะห์ขั้นต้น,4,2566,2564,104.7,0.0,-12.1,-6.9,3,2026-02-27T03:27:03.566583Z
CPA,Classification of Products by Activit,3105,ผลิตภัณฑ์นม,5,2566,2564,103.8,0.0,3.4,2.8,3,2026-02-27T03:27:16.123025Z
CPA,Classification of Products by Activit,3201,เคมีภัณฑ์ขั้นมูลฐาน ปุ๋ยเคมีและสารประกอบไนโตรเจน พลาสติกและยางสังเคราะห์ขั้นต้น,5,2566,2564,102.7,-1.8,-14.0,-8.4,3,2026-02-27T03:27:16.123025Z
CPA,Classification of Products by Activit,3105,ผลิตภัณฑ์นม,6,2566,2564,103.8,0.0,3.3,2.9,3,2026-02-27T03:27:33.300181Z
CPA,Classification of Products by Activit,3201,เคมีภัณฑ์ขั้นมูลฐาน ปุ๋ยเคมีและสารประกอบไนโตรเจน พลาสติกและยางสังเคราะห์ขั้นต้น,6,2566,2564,100.6,-2.1,-13.9,-9.4,3,2026-02-27T03:27:33.300181Z
CPA,Classification of Products by Activit,3105,ผลิตภัณฑ์นม,7,2566,2564,103.8,0.0,3.3,3.0,3,2026-02-27T03:27:45.580617Z
CPA,Classification of Products by Activit,3201,เคมีภัณฑ์ขั้นมูลฐาน ปุ๋ยเคมีและสารประกอบไนโตรเจน พลาสติกและยางสังเคราะห์ขั้นต้น,7,2566,2564,97.6,-3.1,-15.1,-10.2,3,2026-02-27T03:27:45.580617Z
CPA,Classification of Products by Activit,3105,ผลิตภัณฑ์นม,8,2566,2564,103.9,0.1,3.4,3.1,3,2026-02-27T03:27:58.986009Z
CPA,Classification of Products by Activit,3201,เคมีภัณฑ์ขั้นมูลฐาน ปุ๋ยเคมีและสารประกอบไนโตรเจน พลาสติกและยางสังเคราะห์ขั้นต้น,8,2566,2564,98.0,0.5,-14.1,-10.7,3,2026-02-27T03:27:58.986009Z
CPA,Classification of Products by Activit,3105,ผลิตภัณฑ์นม,9,2566,2564,103.9,0.0,3.4,3.0,3,2026-02-27T03:28:11.048896Z
CPA,Classification of Products by Activit,3201,เคมีภัณฑ์ขั้นมูลฐาน ปุ๋ยเคมีและสารประกอบไนโตรเจน พลาสติกและยางสังเคราะห์ขั้นต้น,9,2566,2564,100.9,3.0,-6.8,-10.3,3,2026-02-27T03:28:11.048896Z
CPA,Classification of Products by Activit,3105,ผลิตภัณฑ์นม,10,2566,2564,103.9,0.0,2.3,3.0,3,2026-02-27T03:28:23.576347Z
CPA,Classification of Products by Activit,3201,เคมีภัณฑ์ขั้นมูลฐาน ปุ๋ยเคมีและสารประกอบไนโตรเจน พลาสติกและยางสังเคราะห์ขั้นต้น,10,2566,2564,103.4,2.5,-5.0,-9.7,3,2026-02-27T03:28:23.576347Z
CPA,Classification of Products by Activit,3105,ผลิตภัณฑ์นม,11,2566,2564,103.9,0.0,1.6,2.9,3,2026-02-27T03:28:35.117062Z
CPA,Classification of Products by Activit,3201,เคมีภัณฑ์ขั้นมูลฐาน ปุ๋ยเคมีและสารประกอบไนโตรเจน พลาสติกและยางสังเคราะห์ขั้นต้น,11,2566,2564,103.2,-0.3,-5.8,-9.4,3,2026-02-27T03:28:35.117062Z
CPA,Classification of Products by Activit,3105,ผลิตภัณฑ์นม,12,2566,2564,103.9,0.0,1.5,2.7,3,2026-02-27T03:28:46.220455Z
CPA,Classification of Products by Activit,3201,เคมีภัณฑ์ขั้นมูลฐาน ปุ๋ยเคมีและสารประกอบไนโตรเจน พลาสติกและยางสังเคราะห์ขั้นต้น,12,2566,2564,100.0,-3.0,-6.0,-9.1,3,2026-02-27T03:28:46.220455Z
CPA,Classification of Products by Activit,3105,ผลิตภัณฑ์นม,1,2567,2564,103.9,0.0,1.5,1.5,3,2026-02-27T03:22:31.487252Z
CPA,Classification of Products by Activit,3201,เคมีภัณฑ์ขั้นมูลฐาน ปุ๋ยเคมีและสารประกอบไนโตรเจน พลาสติกและยางสังเคราะห์ขั้นต้น,1,2567,2564,99.4,-0.6,-3.9,-3.9,3,2026-02-27T03:22:31.487252Z
CPA,Classification of Products by Activit,3105,ผลิตภัณฑ์นม,2,2567,2564,103.9,0.0,1.5,1.5,3,2026-02-27T03:22:50.556921Z
CPA,Classification of Products by Activit,3201,เคมีภัณฑ์ขั้นมูลฐาน ปุ๋ยเคมีและสารประกอบไนโตรเจน พลาสติกและยางสังเคราะห์ขั้นต้น,2,2567,2564,100.6,1.1,-2.2,-3.0,3,2026-02-27T03:22:50.556921Z
CPA,Classification of Products by Activit,3105,ผลิตภัณฑ์นม,3,2567,2564,104.7,0.8,2.3,1.8,3,2026-02-27T03:23:02.580951Z
CPA,Classification of Products by Activit,3201,เคมีภัณฑ์ขั้นมูลฐาน ปุ๋ยเคมีและสารประกอบไนโตรเจน พลาสติกและยางสังเคราะห์ขั้นต้น,3,2567,2564,102.9,2.4,-1.7,-2.5,3,2026-02-27T03:23:02.580951Z
CPA,Classification of Products by Activit,3105,ผลิตภัณฑ์นม,4,2567,2564,105.0,0.3,1.1,1.6,3,2026-02-27T03:23:20.500228Z
CPA,Classification of Products by Activit,3201,เคมีภัณฑ์ขั้นมูลฐาน ปุ๋ยเคมีและสารประกอบไนโตรเจน พลาสติกและยางสังเคราะห์ขั้นต้น,4,2567,2564,103.8,0.8,-0.8,-2.1,3,2026-02-27T03:23:20.500228Z
CPA,Classification of Products by Activit,3105,ผลิตภัณฑ์นม,5,2567,2564,105.1,0.1,1.2,1.5,3,2026-02-27T03:23:34.624744Z
CPA,Classification of Products by Activit,3201,เคมีภัณฑ์ขั้นมูลฐาน ปุ๋ยเคมีและสารประกอบไนโตรเจน พลาสติกและยางสังเคราะห์ขั้นต้น,5,2567,2564,103.8,0.0,1.0,-1.6,3,2026-02-27T03:23:34.624744Z
CPA,Classification of Products by Activit,3105,ผลิตภัณฑ์นม,6,2567,2564,105.1,0.0,1.2,1.4,3,2026-02-27T03:23:47.625443Z
CPA,Classification of Products by Activit,3201,เคมีภัณฑ์ขั้นมูลฐาน ปุ๋ยเคมีและสารประกอบไนโตรเจน พลาสติกและยางสังเคราะห์ขั้นต้น,6,2567,2564,103.5,-0.3,2.9,-0.7,3,2026-02-27T03:23:47.625443Z
CPA,Classification of Products by Activit,3105,ผลิตภัณฑ์นม,7,2567,2564,105.1,0.0,1.2,1.4,3,2026-02-27T03:24:02.496545Z
CPA,Classification of Products by Activit,3201,เคมีภัณฑ์ขั้นมูลฐาน ปุ๋ยเคมีและสารประกอบไนโตรเจน พลาสติกและยางสังเคราะห์ขั้นต้น,7,2567,2564,103.5,0.0,6.1,0.2,3,2026-02-27T03:24:02.496545Z
CPA,Classification of Products by Activit,3105,ผลิตภัณฑ์นม,8,2567,2564,105.7,0.6,1.7,1.4,3,2026-02-27T03:24:15.156784Z
CPA,Classification of Products by Activit,3201,เคมีภัณฑ์ขั้นมูลฐาน ปุ๋ยเคมีและสารประกอบไนโตรเจน พลาสติกและยางสังเคราะห์ขั้นต้น,8,2567,2564,103.3,-0.2,5.4,0.9,3,2026-02-27T03:24:15.156784Z
CPA,Classification of Products by Activit,3105,ผลิตภัณฑ์นม,9,2567,2564,105.7,0.0,1.7,1.5,3,2026-02-27T03:24:28.45992Z
CPA,Classification of Products by Activit,3201,เคมีภัณฑ์ขั้นมูลฐาน ปุ๋ยเคมีและสารประกอบไนโตรเจน พลาสติกและยางสังเคราะห์ขั้นต้น,9,2567,2564,100.7,-2.5,-0.2,0.7,3,2026-02-27T03:24:28.45992Z
CPA,Classification of Products by Activit,3105,ผลิตภัณฑ์นม,10,2567,2564,105.7,0.0,1.7,1.5,3,2026-02-27T03:24:42.72369Z
CPA,Classification of Products by Activit,3201,เคมีภัณฑ์ขั้นมูลฐาน ปุ๋ยเคมีและสารประกอบไนโตรเจน พลาสติกและยางสังเคราะห์ขั้นต้น,10,2567,2564,98.5,-2.2,-4.8,0.1,3,2026-02-27T03:24:42.72369Z
CPA,Classification of Products by Activit,3105,ผลิตภัณฑ์นม,11,2567,2564,105.7,0.0,1.7,1.6,3,2026-02-27T03:24:55.32818Z
CPA,Classification of Products by Activit,3201,เคมีภัณฑ์ขั้นมูลฐาน ปุ๋ยเคมีและสารประกอบไนโตรเจน พลาสติกและยางสังเคราะห์ขั้นต้น,11,2567,2564,97.1,-1.4,-5.8,-0.4,3,2026-02-27T03:24:55.32818Z
CPA,Classification of Products by Activit,3105,ผลิตภัณฑ์นม,12,2567,2564,105.7,0.0,1.7,1.5,3,2026-02-27T03:25:23.44111Z
CPA,Classification of Products by Activit,3201,เคมีภัณฑ์ขั้นมูลฐาน ปุ๋ยเคมีและสารประกอบไนโตรเจน พลาสติกและยางสังเคราะห์ขั้นต้น,12,2567,2564,97.0,-0.2,-3.1,-0.7,3,2026-02-27T03:25:23.44111Z
CPA,Classification of Products by Activit,3105,ผลิตภัณฑ์นม,1,2568,2564,105.8,0.1,1.8,1.8,3,2026-02-27T03:16:31.503228Z
CPA,Classification of Products by Activit,3201,เคมีภัณฑ์ขั้นมูลฐาน ปุ๋ยเคมีและสารประกอบไนโตรเจน พลาสติกและยางสังเคราะห์ขั้นต้น,1,2568,2564,96.4,-0.6,-3.1,-3.1,3,2026-02-27T03:16:31.503228Z
CPA,Classification of Products by Activit,3105,ผลิตภัณฑ์นม,2,2568,2564,105.8,0.0,1.8,1.8,3,2026-02-27T03:16:55.837255Z
CPA,Classification of Products by Activit,3201,เคมีภัณฑ์ขั้นมูลฐาน ปุ๋ยเคมีและสารประกอบไนโตรเจน พลาสติกและยางสังเคราะห์ขั้นต้น,2,2568,2564,96.2,-0.1,-4.2,-3.7,3,2026-02-27T03:16:55.837255Z
CPA,Classification of Products by Activit,3105,ผลิตภัณฑ์นม,3,2568,2564,105.8,0.0,1.0,1.5,3,2026-02-27T03:17:12.332911Z
CPA,Classification of Products by Activit,3201,เคมีภัณฑ์ขั้นมูลฐาน ปุ๋ยเคมีและสารประกอบไนโตรเจน พลาสติกและยางสังเคราะห์ขั้นต้น,3,2568,2564,96.0,-0.3,-6.7,-4.8,3,2026-02-27T03:17:12.332911Z
CPA,Classification of Products by Activit,3105,ผลิตภัณฑ์นม,4,2568,2564,105.9,0.1,0.8,1.3,3,2026-02-27T03:17:32.575295Z
CPA,Classification of Products by Activit,3201,เคมีภัณฑ์ขั้นมูลฐาน ปุ๋ยเคมีและสารประกอบไนโตรเจน พลาสติกและยางสังเคราะห์ขั้นต้น,4,2568,2564,95.3,-0.7,-8.2,-5.6,3,2026-02-27T03:17:32.575295Z
CPA,Classification of Products by Activit,3105,ผลิตภัณฑ์นม,5,2568,2564,105.9,0.0,0.8,1.2,3,2026-02-27T03:17:53.973008Z
CPA,Classification of Products by Activit,3201,เคมีภัณฑ์ขั้นมูลฐาน ปุ๋ยเคมีและสารประกอบไนโตรเจน พลาสติกและยางสังเคราะห์ขั้นต้น,5,2568,2564,95.2,-0.1,-8.3,-6.1,3,2026-02-27T03:17:53.973008Z
CPA,Classification of Products by Activit,3105,ผลิตภัณฑ์นม,6,2568,2564,106.2,0.3,1.0,1.2,3,2026-02-27T03:18:16.690683Z
CPA,Classification of Products by Activit,3201,เคมีภัณฑ์ขั้นมูลฐาน ปุ๋ยเคมีและสารประกอบไนโตรเจน พลาสติกและยางสังเคราะห์ขั้นต้น,6,2568,2564,94.6,-0.7,-8.7,-6.6,3,2026-02-27T03:18:16.690683Z
CPA,Classification of Products by Activit,3105,ผลิตภัณฑ์นม,7,2568,2564,106.2,0.0,1.0,1.1,3,2026-02-27T03:18:39.654489Z
CPA,Classification of Products by Activit,3201,เคมีภัณฑ์ขั้นมูลฐาน ปุ๋ยเคมีและสารประกอบไนโตรเจน พลาสติกและยางสังเคราะห์ขั้นต้น,7,2568,2564,94.1,-0.4,-9.0,-7.0,3,2026-02-27T03:18:39.654489Z
CPA,Classification of Products by Activit,3105,ผลิตภัณฑ์นม,8,2568,2564,106.2,0.0,0.5,1.1,3,2026-02-27T03:18:57.844843Z
CPA,Classification of Products by Activit,3201,เคมีภัณฑ์ขั้นมูลฐาน ปุ๋ยเคมีและสารประกอบไนโตรเจน พลาสติกและยางสังเคราะห์ขั้นต้น,8,2568,2564,93.7,-0.5,-9.3,-7.2,3,2026-02-27T03:18:57.844843Z
CPA,Classification of Products by Activit,3105,ผลิตภัณฑ์นม,9,2568,2564,106.2,0.0,0.5,1.0,3,2026-02-27T03:19:10.193335Z
CPA,Classification of Products by Activit,3201,เคมีภัณฑ์ขั้นมูลฐาน ปุ๋ยเคมีและสารประกอบไนโตรเจน พลาสติกและยางสังเคราะห์ขั้นต้น,9,2568,2564,93.2,-0.5,-7.5,-7.3,3,2026-02-27T03:19:10.193335Z
CPA,Classification of Products by Activit,3105,ผลิตภัณฑ์นม,10,2568,2564,106.2,0.0,0.5,0.9,3,2026-02-27T03:19:25.386308Z
CPA,Classification of Products by Activit,3201,เคมีภัณฑ์ขั้นมูลฐาน ปุ๋ยเคมีและสารประกอบไนโตรเจน พลาสติกและยางสังเคราะห์ขั้นต้น,10,2568,2564,93.1,-0.1,-5.5,-7.0,3,2026-02-27T03:19:25.386308Z
CPA,Classification of Products by Activit,3105,ผลิตภัณฑ์นม,11,2568,2564,106.2,0.0,0.5,0.8,3,2026-02-27T03:19:41.870477Z
CPA,Classification of Products by Activit,3201,เคมีภัณฑ์ขั้นมูลฐาน ปุ๋ยเคมีและสารประกอบไนโตรเจน พลาสติกและยางสังเคราะห์ขั้นต้น,11,2568,2564,92.7,-0.4,-4.6,-6.8,3,2026-02-27T03:19:41.870477Z
CPA,Classification of Products by Activit,3105,ผลิตภัณฑ์นม,12,2568,2564,106.2,0.0,0.5,0.9,3,2026-02-27T03:19:57.339991Z
CPA,Classification of Products by Activit,3201,เคมีภัณฑ์ขั้นมูลฐาน ปุ๋ยเคมีและสารประกอบไนโตรเจน พลาสติกและยางสังเคราะห์ขั้นต้น,12,2568,2564,92.0,-0.7,-5.1,-6.8,3,2026-02-27T03:19:57.339991Z
CPA,Classification of Products by Activit,3105,ผลิตภัณฑ์นม,1,2569,2564,106.2,0.0,0.4,0.4,3,2026-02-27T03:14:47.358795Z
CPA,Classification of Products by Activit,3201,เคมีภัณฑ์ขั้นมูลฐาน ปุ๋ยเคมีและสารประกอบไนโตรเจน พลาสติกและยางสังเคราะห์ขั้นต้น,1,2569,2564,91.2,-0.9,-5.4,-5.4,3,2026-02-27T03:14:47.358795Z
CPA,Classification of Products by Activit,3105,ผลิตภัณฑ์นม,2,2569,2564,106.2,0.0,0.4,0.4,3,2026-03-05T06:37:36.449716Z
CPA,Classification of Products by Activit,3201,เคมีภัณฑ์ขั้นมูลฐาน ปุ๋ยเคมีและสารประกอบไนโตรเจน พลาสติกและยางสังเคราะห์ขั้นต้น,2,2569,2564,91.0,-0.2,-5.4,-5.4,3,2026-03-05T06:37:36.449716Z
CPA,Classification of Products by Activit,3105,ผลิตภัณฑ์นม,3,2569,2564,106.2,0.0,0.4,0.4,3,2026-04-07T09:54:06.611996Z
CPA,Classification of Products by Activit,3201,เคมีภัณฑ์ขั้นมูลฐาน ปุ๋ยเคมีและสารประกอบไนโตรเจน พลาสติกและยางสังเคราะห์ขั้นต้น,3,2569,2564,94.4,3.7,-1.7,-4.2,3,2026-04-07T09:54:06.611996Z
CPA,Classification of Products by Activit,3105,ผลิตภัณฑ์นม,4,2569,2564,106.8,0.6,0.8,0.6,3,2026-05-06T04:18:55.37634Z
CPA,Classification of Products by Activit,3201,เคมีภัณฑ์ขั้นมูลฐาน ปุ๋ยเคมีและสารประกอบไนโตรเจน พลาสติกและยางสังเคราะห์ขั้นต้น,4,2569,2564,102.6,8.7,7.7,-1.3,3,2026-05-06T04:18:55.37634Z
CPA,Classification of Products by Activit,3105,ผลิตภัณฑ์นม,5,2569,2564,106.8,0.0,0.8,0.6,3,2026-06-05T03:51:21.783134Z
CPA,Classification of Products by Activit,3201,เคมีภัณฑ์ขั้นมูลฐาน ปุ๋ยเคมีและสารประกอบไนโตรเจน พลาสติกและยางสังเคราะห์ขั้นต้น,5,2569,2564,108.5,5.8,14.0,1.8,3,2026-06-05T03:51:21.783134Z
CPA,Classification of Products by Activit,3105,ผลิตภัณฑ์นม,6,2569,2564,106.8,0.0,0.6,0.6,3,2026-07-06T04:21:17.593198Z
CPA,Classification of Products by Activit,3201,เคมีภัณฑ์ขั้นมูลฐาน ปุ๋ยเคมีและสารประกอบไนโตรเจน พลาสติกและยางสังเคราะห์ขั้นต้น,6,2569,2564,108.6,0.1,14.8,4.0,3,2026-07-06T04:21:17.593198Z
CPA,Classification of Products by Activit,3105,ผลิตภัณฑ์นม,7,2569,2564,106.8,0.0,0.6,0.6,3,2026-08-05T03:33:28.030634Z
CPA,Classification of Products by Activit,3201,เคมีภัณฑ์ขั้นมูลฐาน ปุ๋ยเคมีและสารประกอบไนโตรเจน พลาสติกและยางสังเคราะห์ขั้นต้น,7,2569,2564,100.2,-7.7,6.5,4.3,3,2026-08-05T03:33:28.030634Z
CPA,Classification of Products by Activit,3105,ผลิตภัณฑ์นม,8,2569,2564,106.8,0.0,0.6,0.6,3,2026-09-07T06:31:19.064358Z
CPA,Classification of Products by Activit,3201,เคมีภัณฑ์ขั้นมูลฐาน ปุ๋ยเคมีและสารประกอบไนโตรเจน พลาสติกและยางสังเคราะห์ขั้นต้น,8,2569,2564,99.0,-1.2,5.7,4.4,3,2026-09-07T06:31:19.064358Z
